term,freeze,n_docs,recent_docs,recent_rate,prior_docs,prior_rate,growth,accel,last_share,first_year_age,dormancy,active_years,topic_entropy,n_topics,org_per_doc,n_countries,china_share,industry_share,elite_share,preprint_share,title_docs,title_share,domain_spread,venue_per_doc,p_gb,p_knn,p,twin,twin_freeze,twin_ratio,twin_takeoff,counts,kind
digital twin framework,2026,19,23.5,2.561430409524429,0.0,0.0,1.8120294413945572,-0.6216882165778006,0.574468085106383,2,0,3,0.8667475589334348,14,1.5789473684210527,8,0.21052631578947367,0.05263157894736842,0.15789473684210525,0.2631578947368421,7,0.3684210526315789,3,0.7368421052631579,0.8124563883650834,0.32,0.5662281941825417,machine learning,2020,4.136767706718625,1,0 0 0 0 0 0 0 0 0 2 8 14,термины
ai-driven,2026,26,33.5,3.4989948243820304,0.0,0.0,2.0791902161957396,-1.8128128784258872,0.6716417910447762,1,0,2,0.7687232537202484,15,1.4230769230769231,14,0.07692307692307693,0.0,0.23076923076923078,0.19230769230769232,11,0.4230769230769231,4,0.8846153846153846,0.7107033645063563,0.32,0.5153516822531782,carbon neutrality,2021,4.3039994635356,1,0 0 0 0 0 0 0 0 0 0 11 22,термины
amine-grafted,2026,25,19.5,2.217778392588135,7.0,1.788920066827794,0.17173465934465565,0.46826600934719464,0.5384615384615384,7,0,8,0.3543774802652039,5,1.12,10,0.2,0.0,0.64,0.12,16,0.64,1,0.72,0.8537625312918428,0.12,0.4868812656459214,post combustion,2021,0.31368277640697567,0,0 0 0 0 1 1 2 2 3 4 5 10,термины
gas networks,2026,44,28.0,3.1601561452046654,14.0,3.4426276463330066,-0.07434160720612096,0.16989903679539697,0.5357142857142857,8,0,9,0.6981724866721438,22,1.1363636363636365,22,0.11363636363636363,0.022727272727272728,0.13636363636363635,0.1590909090909091,22,0.5,4,0.6590909090909091,0.8163487866998254,0.12,0.4681743933499127,machine,2021,2.055059331109434,1,0 0 0 1 2 4 3 4 7 5 8 15,термины
direct air co2,2026,19,15.0,1.619052656907898,7.0,1.8512341202866924,-0.10397121901474,-0.5877866649021187,0.6,5,0,6,0.40397292582408084,7,1.4210526315789473,12,0.21052631578947367,0.05263157894736842,0.3157894736842105,0.21052631578947367,15,0.7894736842105263,2,0.8947368421052632,0.6851340876159563,0.24,0.46256704380797814,methane leak,2021,1.0448420336497402,0,0 0 0 0 0 0 2 3 2 1 5 9,термины
energy transport,2026,27,22.0,2.278680647939471,5.0,1.057933328648066,0.5786160743542261,0.8649974374866044,0.8181818181818182,7,1,7,0.8043384368163524,17,1.1481481481481481,11,0.18518518518518517,0.1111111111111111,0.25925925925925924,0.0,9,0.3333333333333333,4,0.7777777777777778,0.7168331785606614,0.16,0.4384165892803307,lng production,2021,0.622753762300212,0,0 0 0 0 3 3 0 1 4 1 3 18,термины
fatigue crack,2026,49,35.5,3.818179690316595,5.0,1.1931458159706472,0.9362457172830173,0.9947623473156504,0.7183098591549296,11,0,12,0.3743275106879988,7,0.9795918367346939,21,0.14285714285714285,0.04081632653061224,0.08163265306122448,0.10204081632653061,20,0.40816326530612246,3,0.5510204081632653,0.7427820212729969,0.08,0.4113910106364984,hydrates,2021,0.4509913931246061,0,6 4 2 1 2 2 1 1 3 4 6 26,термины
bubble column reactors,2026,17,10.0,1.1597803370464101,4.0,0.8588094736102326,0.20007633721030982,1.9459101490553132,0.6,11,3,9,0.7300945061899627,9,1.3529411764705883,11,0.0,0.0,0.11764705882352941,0.058823529411764705,12,0.7058823529411765,2,0.7647058823529411,0.6059084842626586,0.2,0.40295424213132935,africa,2021,0.8428177383937306,0,1 0 2 0 1 1 0 1 3 3 1 6,термины
carbon mineralization,2026,16,13.0,1.4222742935322872,3.0,0.7948981058949801,0.39507700357217784,1.2039728043259361,0.6923076923076923,7,0,8,0.7248493675869249,9,1.6875,8,0.25,0.0625,0.3125,0.0625,4,0.25,1,0.9375,0.5609329789565607,0.24,0.40046648947828034,tio2,2021,0.33277842277563313,0,0 0 0 0 1 2 1 1 1 2 2 9,термины
thermal properties,2026,15,11.5,1.204871709102408,2.0,0.46056176353456557,0.5737268592934621,-1.0788096613719298,0.6521739130434783,11,5,7,0.8847354891422488,12,1.2666666666666666,12,0.06666666666666667,0.0,0.13333333333333333,0.13333333333333333,5,0.3333333333333333,4,0.8,0.6545023499127617,0.12,0.38725117495638084,green hydrogen,2021,3.13777952785126,1,1 0 0 2 1 0 0 1 1 0 4 8,термины
direct air carbon,2026,61,51.5,5.9937071867328315,14.0,3.245101105551527,0.5503849687659593,-0.05879373718067882,0.4368932038834951,7,0,8,0.4617381507648447,17,1.5573770491803278,22,0.13114754098360656,0.0,0.5245901639344263,0.19672131147540983,33,0.5409836065573771,2,0.6721311475409836,0.6391333599529136,0.12,0.3795666799764568,swing adsorption,2021,1.0444030513005438,0,0 0 0 0 2 1 2 3 9 12 17 22,термины
industrial symbiosis,2026,9,11.0,1.2064761550220513,0.0,0.0,1.2275776967956256,-0.579818495252942,0.5454545454545454,2,0,3,0.8597933880952318,7,1.5555555555555556,6,0.0,0.0,0.2222222222222222,0.2222222222222222,3,0.3333333333333333,2,0.6666666666666666,0.4120753211095638,0.32,0.36603766055478193,laser,2018,0.9155699251945599,0,0 0 0 0 0 0 0 0 0 1 4 6,термины
simultaneous production,2026,20,11.5,1.308258436526737,9.0,2.2600662107671434,-0.42289047653792244,2.1400661634962708,0.6521739130434783,8,1,8,0.811835572580086,13,1.95,22,0.1,0.0,0.15,0.05,6,0.3,3,0.8,0.5943359408794519,0.12,0.3571679704397259,production methane,2021,1.818634900042379,0,0 0 0 1 0 1 3 1 5 3 1 8,термины
bio-methanol,2026,19,14.0,1.5034323539827046,1.0,0.26143790849673204,0.9674085349889439,-0.22314355131420938,0.6428571428571429,10,3,8,0.7676280164632713,11,1.1578947368421053,10,0.10526315789473684,0.0,0.10526315789473684,0.0,5,0.2631578947368421,3,0.9473684210526315,0.5849257739548569,0.12,0.35246288697742845,africa,2021,0.8428177383937306,0,0 1 3 0 2 1 0 1 0 1 4 9,термины
waste-derived,2026,14,14.0,1.4689701115079281,2.0,0.398247710075667,0.7848200223221816,-1.280933845462064,0.6428571428571429,9,6,4,0.7607096234360754,9,1.7857142857142858,13,0.14285714285714285,0.0,0.2857142857142857,0.14285714285714285,7,0.5,4,0.9285714285714286,0.5840638002640087,0.12,0.35203190013200436,green hydrogen,2021,3.13777952785126,1,0 0 1 0 0 0 0 0 2 0 5 9,термины
fourteen,2026,9,12.0,1.1878247958426134,0.0,0.0,1.2165877774146467,2.5649493574615367,1.0,8,7,2,0.5229596049593027,4,1.3333333333333333,9,0.0,0.1111111111111111,0.1111111111111111,0.1111111111111111,4,0.4444444444444444,3,0.3333333333333333,0.5818620260086415,0.12,0.3509310130043207,green hydrogen,2021,3.13777952785126,1,0 0 0 1 0 0 0 0 0 0 0 12,термины
turbine power,2026,17,11.5,1.2737961940519604,4.0,0.9211235270691311,0.22167421729878525,1.041453874828161,0.6521739130434783,11,3,9,0.7480131795778384,10,1.588235294117647,13,0.058823529411764705,0.0,0.17647058823529413,0.058823529411764705,6,0.35294117647058826,3,0.8235294117647058,0.5736183632536312,0.12,0.3468091816268156,africa,2021,0.8428177383937306,0,1 0 1 1 1 0 0 2 2 2 2 8,термины
molten salt,2026,34,19.0,2.3037497907974824,15.0,3.495954633643475,-0.3543247755427641,-0.2670627852490448,0.3157894736842105,6,0,7,0.632165818030224,14,1.088235294117647,10,0.35294117647058826,0.11764705882352941,0.6176470588235294,0.20588235294117646,19,0.5588235294117647,3,0.6470588235294118,0.4656879649705542,0.2,0.33284398248527713,post combustion,2020,0.261457076542552,0,0 0 0 0 0 2 1 6 8 6 7 6,термины
uav,2026,27,16.0,1.734672959833092,8.0,2.1855704626471066,-0.1837982775425084,-0.8960880245566353,0.5625,9,0,10,0.7100894844792633,16,1.5555555555555556,11,0.25925925925925924,0.1111111111111111,0.4074074074074074,0.1111111111111111,7,0.25925925925925924,3,0.7777777777777778,0.5416140426186172,0.12,0.3308070213093086,basins,2021,1.7174358980133468,0,0 0 2 1 1 2 3 3 2 1 6 9,термины
concrete,2026,56,43.0,4.882595529536893,14.0,3.8482651083007497,0.2133937584005979,0.7256703722655051,0.5581395348837209,10,0,11,0.725537756603027,27,1.375,19,0.21428571428571427,0.03571428571428571,0.19642857142857142,0.03571428571428571,18,0.32142857142857145,4,0.75,0.6047512007256265,0.04,0.32237560036281326,seawater,2021,1.2351866932564215,0,0 1 2 1 2 1 6 4 4 9 10 24,термины
north africa,2026,17,13.0,1.4377167608724388,4.0,1.3373453694416584,0.053188556687963386,-1.252762968495368,0.46153846153846156,9,4,6,0.717793578069737,9,1.4705882352941178,11,0.17647058823529413,0.0,0.23529411764705882,0.17647058823529413,6,0.35294117647058826,3,0.7647058823529411,0.5101410528075865,0.12,0.31507052640379324,green hydrogen,2021,3.13777952785126,1,0 0 1 0 1 0 4 0 0 1 6 6,термины
waste plastic,2026,13,11.5,1.2737961940519604,4.0,0.796495420151334,0.31345719879192485,1.041453874828161,0.6521739130434783,3,0,4,0.7586640142018065,9,2.0,13,0.0,0.0,0.07692307692307693,0.0,7,0.5384615384615384,2,0.8461538461538461,0.4677561250213132,0.16,0.3138780625106566,methanation,2018,1.94440590182453,0,0 0 0 0 0 0 0 0 4 2 2 8,термины
fault detection,2026,20,18.0,2.034838050633032,1.0,0.3343363423604146,1.1112484193708134,-0.20294084399669,0.5,10,4,7,0.75988856077088,11,1.05,12,0.25,0.05,0.25,0.1,6,0.3,4,0.95,0.4924774402510203,0.12,0.3062387201255101,green hydrogen,2021,3.13777952785126,1,0 1 1 0 2 0 1 0 0 3 6 9,термины
steel slag,2026,9,12.0,1.2721917481323173,0.0,0.0,1.2653642368955051,0.7985076962177716,0.75,2,0,3,0.6494834702380792,5,1.4444444444444444,7,0.2222222222222222,0.0,0.0,0.1111111111111111,3,0.3333333333333333,1,0.8888888888888888,0.44466571840358365,0.16,0.3023328592017918,machine learning,2020,4.136767706718625,1,0 0 0 0 0 0 0 0 0 1 2 9,термины
driven hydrogen,2026,12,14.5,1.5018279080630614,1.0,0.3343363423604146,0.8751793869100789,-0.7765287894989963,0.7241379310344828,5,3,3,0.6836405664006464,7,1.5,10,0.08333333333333333,0.0,0.08333333333333333,0.0,3,0.25,3,0.6666666666666666,0.4790871766548019,0.12,0.2995435883274009,decision-making,2021,3.522361768616725,1,0 0 0 0 0 0 1 0 0 0 4 10,термины
slurry,2026,61,24.5,2.9182864097730565,15.0,3.9744905294749007,-0.26925312135042107,2.779509165084355,0.5510204081632653,11,0,12,0.6828003742376245,27,1.1967213114754098,22,0.2459016393442623,0.01639344262295082,0.22950819672131148,0.06557377049180328,32,0.5245901639344263,4,0.7377049180327869,0.5105351130512623,0.08,0.29526755652563114,carbon dioxide capture,2021,1.1542422518122708,0,5 2 2 10 3 4 5 5 5 9 2 14,термины
inverse design,2026,11,10.0,1.0908558520968576,3.0,0.5973715651135006,0.3713543090091863,-0.13353139262452263,0.6,3,0,4,0.5699627784245294,5,0.9090909090909091,7,0.09090909090909091,0.0,0.36363636363636365,0.36363636363636365,8,0.7272727272727273,2,0.9090909090909091,0.2674124313589121,0.32,0.29370621567945604,air capture carbon,2021,1.4484691392777669,0,0 0 0 0 0 0 0 0 3 1 3 6,термины
isotopes,2026,24,11.5,1.2737961940519604,6.0,1.5274821583310618,-0.13367271482074167,1.041453874828161,0.6521739130434783,11,0,12,0.6736055915102497,11,2.2083333333333335,7,0.25,0.08333333333333333,0.4583333333333333,0.16666666666666666,7,0.2916666666666667,4,0.875,0.4643947626445643,0.12,0.2921973813222821,tio2,2021,0.33277842277563313,0,1 3 1 1 1 2 2 1 3 2 2 8,термины
catalytic methane pyrolysis,2026,25,22.0,2.447414552518879,4.0,0.9317079074739153,0.7220602906887331,-0.20763936477824418,0.5454545454545454,7,1,7,0.5684128509736228,12,1.48,14,0.08,0.04,0.2,0.04,18,0.72,1,0.72,0.457312942429129,0.12,0.2886564712145645,hydrolysis,2020,0.6815935650967564,0,0 0 0 0 1 2 1 0 3 3 7 12,термины
methanol fuel,2026,27,20.0,2.20073147932834,6.0,1.7250086991125413,0.19376182926424904,2.995732273553991,0.75,11,1,11,0.7116452399470835,12,1.2222222222222223,14,0.1111111111111111,0.037037037037037035,0.14814814814814814,0.1111111111111111,7,0.25925925925925924,3,0.6666666666666666,0.4522187593193535,0.12,0.28610937965967675,gas reservoir,2021,0.6926842451854144,0,2 0 1 1 1 1 3 2 1 4 1 15,термины
storage tank,2026,56,30.0,3.425858993529829,14.0,3.35914483206454,0.017139566310023415,0.11332868530700257,0.5,11,0,12,0.4624539525156353,16,1.3035714285714286,24,0.26785714285714285,0.017857142857142856,0.35714285714285715,0.16071428571428573,18,0.32142857142857145,4,0.6428571428571429,0.44075322567122277,0.12,0.2803766128356114,ammonia hydrogen,2021,1.7270731716862224,0,2 1 3 2 2 7 1 7 6 6 9 15,термины
aerospace propulsion,2026,11,15.5,1.5675435011733272,0.0,0.0,1.419508368725082,0.4769240720903092,0.8709677419354839,1,0,2,0.5372429395214977,4,0.0,0,0.0,0.0,0.0,0.18181818181818182,7,0.6363636363636364,2,0.09090909090909091,0.4005417171157259,0.16,0.28027085855786293,machine,2019,2.4610838916634883,1,0 0 0 0 0 0 0 0 0 0 2 14,термины
high-purity hydrogen,2026,32,31.5,3.455507898245676,6.0,1.3922696710084808,0.737332019534439,0.2354136439060237,0.6190476190476191,8,2,7,0.6858458593344351,15,1.375,12,0.1875,0.0625,0.25,0.0,9,0.28125,3,0.625,0.39736648246584794,0.16,0.278683241232924,pipeline inspection,2021,0.5311575719828165,0,0 0 0 1 0 0 1 1 4 4 8 20,термины
sustainable aviation fuel,2026,42,42.5,4.696446295742503,8.0,1.7799330006793639,0.8238289304274264,0.2532415824714891,0.6,4,0,5,0.5900351942320539,14,1.3571428571428572,22,0.09523809523809523,0.023809523809523808,0.30952380952380953,0.14285714285714285,32,0.7619047619047619,3,0.8095238095238095,0.2721185191322866,0.28,0.2760592595661433,ammonia synthesis,2020,0.9051913047686214,0,0 0 0 0 0 0 0 3 5 6 11 26,термины
stainless,2026,46,29.5,3.3086342446849923,8.0,2.3313673303744715,0.2965109083299733,0.2595111954850844,0.559322033898305,11,1,11,0.6662017522157777,20,1.6521739130434783,22,0.2391304347826087,0.021739130434782608,0.17391304347826086,0.021739130434782608,18,0.391304347826087,4,0.7391304347826086,0.4600266341871165,0.08,0.27001331709355825,energy exergy,2021,0.6341087711829003,0,5 5 1 0 1 2 5 1 2 5 8 16,термины
hydrogen-containing,2026,32,25.0,2.8132952364290844,7.0,1.7995044472325776,0.36524959187884964,0.9808292530117262,0.6,9,2,8,0.7074460293301641,18,1.5625,16,0.21875,0.09375,0.21875,0.1875,10,0.3125,3,0.875,0.41118320408979486,0.12,0.2655916020448974,geothermal,2021,1.1490221983344777,0,0 0 1 0 1 3 3 0 4 5 5 15,термины
gas environments,2026,12,13.0,1.4377167608724388,1.0,0.1991238550378335,1.0194377161160686,-1.252762968495368,0.46153846153846156,3,0,4,0.639471472825565,7,1.3333333333333333,5,0.25,0.0,0.3333333333333333,0.16666666666666666,4,0.3333333333333333,2,0.9166666666666666,0.39764562672755627,0.12,0.2588228133637781,laser,2018,0.9155699251945599,0,0 0 0 0 0 0 0 0 1 1 6 6,термины
offshore platform,2026,18,12.0,1.3066539906070935,5.0,1.4529864102110253,-0.07788318296334357,2.014903020542265,0.75,11,4,8,0.8401250222879125,13,0.9444444444444444,7,0.1111111111111111,0.0,0.16666666666666666,0.2222222222222222,6,0.3333333333333333,3,0.8333333333333334,0.3815233241437337,0.12,0.25076166207186684,geothermal,2021,1.1490221983344777,0,2 0 0 1 1 0 2 3 0 2 1 9,термины
electrodialysis,2026,18,17.5,1.9520755442629714,3.0,0.7219996720312976,0.6964462344794767,0.6097655716208943,0.6,6,1,6,0.3580911800209697,4,1.2777777777777777,8,0.2777777777777778,0.0,0.6111111111111112,0.05555555555555555,8,0.4444444444444444,2,0.7777777777777778,0.4583179267352589,0.04,0.24915896336762944,post-combustion carbon,2021,0.6646724518331113,0,0 0 0 0 0 1 0 2 1 3 4 10,термины
sensor fusion,2026,9,10.0,1.0908558520968576,0.0,0.0,1.157419323734837,-0.13353139262452263,0.6,7,4,4,0.8597933880952318,7,1.2222222222222223,8,0.0,0.0,0.1111111111111111,0.3333333333333333,5,0.5555555555555556,2,0.8888888888888888,0.37295183430310763,0.12,0.2464759171515538,direct capture,2021,0.5511217682422717,0,0 0 0 0 1 0 0 0 0 1 3 6,термины
bayesian optimization,2026,18,13.5,1.3862076051378676,5.0,1.2660442498343298,0.06582609670944399,-0.33024168687057687,0.7777777777777778,7,2,6,0.5853986786599543,7,1.5555555555555556,9,0.16666666666666666,0.1111111111111111,0.7222222222222222,0.3333333333333333,9,0.5,2,0.6111111111111112,0.48767511111412504,0.0,0.24383755555706252,optimisation,2021,1.7142037084557202,0,0 0 0 0 1 2 2 0 3 0 3 10,термины
robotic,2026,26,21.5,2.414556755963746,4.0,1.056336014391712,0.6273834019721736,-0.5658077581833443,0.4883720930232558,8,1,8,0.781077048871174,15,1.2692307692307692,13,0.19230769230769232,0.038461538461538464,0.15384615384615385,0.038461538461538464,7,0.2692307692307692,3,0.7692307692307693,0.3916073096260681,0.08,0.23580365481303406,vision,2021,0.4889300408659301,0,0 0 0 3 1 0 1 2 1 3 8 10,термины
co-firing,2026,34,24.0,2.5942882060795625,10.0,2.323977578482396,0.09141151783748071,-0.28768207245178057,0.625,11,3,9,0.6603248062034965,13,1.3529411764705883,17,0.23529411764705882,0.0,0.20588235294117646,0.029411764705882353,10,0.29411764705882354,3,0.7647058823529411,0.3497550445661086,0.12,0.2348775222830543,rankine,2021,1.257693128133767,0,1 2 0 0 0 2 2 1 7 2 7 15,термины
libya,2026,9,10.5,1.1237136486519905,0.0,0.0,1.1778630820307194,0.6359887667199965,0.7142857142857143,7,4,4,0.6494834702380792,5,1.7777777777777777,5,0.2222222222222222,0.0,0.1111111111111111,0.3333333333333333,3,0.3333333333333333,3,0.8888888888888888,0.3492924479549167,0.12,0.23464622397745835,direct capture,2021,0.5511217682422717,0,0 0 0 0 1 0 0 0 0 1 2 8,термины
ammonia cracking,2026,67,63.0,7.095192168410911,12.0,2.576428420830698,0.9037461171923173,-0.701179352257209,0.47619047619047616,11,6,6,0.372978302048327,16,1.8656716417910448,35,0.16417910447761194,0.029850746268656716,0.2537313432835821,0.05970149253731343,31,0.4626865671641791,2,0.7313432835820896,0.3492327224179929,0.12,0.23461636120899645,green hydrogen,2021,3.13777952785126,1,2 0 0 0 0 0 0 3 9 9 24 30,термины
heavy-duty,2026,39,30.5,3.577545984849442,6.0,1.2570571836858997,0.8418549782737724,0.2662030407746565,0.4426229508196721,10,2,9,0.7386400642894302,20,1.564102564102564,16,0.20512820512820512,0.02564102564102564,0.1794871794871795,0.02564102564102564,12,0.3076923076923077,4,0.7692307692307693,0.4276604441658999,0.04,0.23383022208294993,pipeline inspection,2021,0.5311575719828165,0,0 1 1 1 0 4 0 1 5 8 9 14,термины
exchange resin,2026,14,14.5,1.655119345302318,0.0,0.0,1.4609932832329326,0.3074846997479608,0.5172413793103449,9,5,5,0.4272490700243734,5,1.7142857142857142,10,0.2857142857142857,0.0,0.6428571428571429,0.07142857142857142,6,0.42857142857142855,1,0.9285714285714286,0.34533304511997864,0.12,0.23266652255998932,light irradiation,2021,0.7492363493474354,0,0 0 1 1 0 0 0 0 0 3 4 8,термины
anomaly detection,2026,41,44.5,4.824300174168562,5.0,1.5258848440747077,0.9662747151112612,-1.0029875940003652,0.5730337078651685,5,1,5,0.7234135061748889,18,1.6341463414634145,19,0.17073170731707318,0.04878048780487805,0.2682926829268293,0.21951219512195122,12,0.2926829268292683,3,0.7804878048780488,0.26525914005559736,0.2,0.2326295700277987,gas infrastructure,2021,1.6384135704340175,0,0 0 0 0 0 0 3 2 0 3 16 26,термины
ceramic,2026,44,29.0,3.294796223264484,14.0,3.515526080196689,-0.05653765421037953,1.8050046959780754,0.6206896551724138,11,1,11,0.7319878327300979,21,1.5454545454545454,21,0.1590909090909091,0.045454545454545456,0.2727272727272727,0.1590909090909091,14,0.3181818181818182,4,0.7272727272727273,0.3831361140277715,0.08,0.23156805701388575,production methane,2021,1.818634900042379,0,1 1 1 1 0 3 4 3 7 7 4 18,термины
power-to-liquid,2026,45,37.0,4.288683131615586,12.0,3.106693989716238,0.28346389286609125,0.4512335265637448,0.4864864864864865,6,0,7,0.46773434192639707,12,1.5555555555555556,23,0.022222222222222223,0.022222222222222223,0.2,0.13333333333333333,17,0.37777777777777777,3,0.6,0.4173419718477652,0.04,0.2286709859238826,ammonia hydrogen,2021,1.7270731716862224,0,0 0 0 0 0 2 3 5 4 9 10 18,термины
transmission pipelines,2026,53,35.0,3.8851313133913172,13.0,2.9107647631911124,0.25128303453608614,-0.7242377676299763,0.5142857142857142,11,0,12,0.6215733877932977,17,1.0943396226415094,22,0.2830188679245283,0.018867924528301886,0.3018867924528302,0.09433962264150944,16,0.3018867924528302,4,0.7547169811320755,0.33174112874210027,0.12,0.22587056437105013,machine,2021,2.055059331109434,1,2 1 1 1 2 4 1 3 9 4 13 18,термины
plasma-based,2026,11,14.0,1.537894596457481,0.0,0.0,1.4050643949147956,0.6286086594223745,0.6428571428571429,2,0,3,0.6648191508620834,6,2.090909090909091,11,0.18181818181818182,0.0,0.2727272727272727,0.0,3,0.2727272727272727,2,0.9090909090909091,0.21094231346355016,0.24,0.2254711567317751,fuels renewable,2021,0.45752517172644686,0,0 0 0 0 0 0 0 0 0 2 3 9,термины
e-methanol,2026,31,33.5,3.84003994133532,3.0,0.659685618572399,1.3197346012285591,0.14585187701256297,0.4925373134328358,4,0,5,0.6981084638100974,13,1.7741935483870968,22,0.16129032258064516,0.0,0.25806451612903225,0.06451612903225806,9,0.2903225806451613,3,0.7741935483870968,0.3553079138259763,0.08,0.21765395691298817,networks,2019,1.630621442839954,0,0 0 0 0 0 0 0 1 2 7 10 16,термины
off-grid,2026,34,34.5,3.583730192626921,6.0,1.2570571836858997,0.8433704787486059,1.2641267271456835,0.8260869565217391,8,1,8,0.755658498586908,18,1.5294117647058822,18,0.17647058823529413,0.0,0.35294117647058826,0.17647058823529413,10,0.29411764705882354,4,0.5588235294117647,0.3948329271763947,0.04,0.21741646358819733,production methane,2021,1.818634900042379,0,0 0 0 1 1 1 0 1 5 2 4 28,термины
flammability limits,2026,11,12.5,1.3894164969771543,1.0,0.1991238550378335,0.9941954131950693,0.4660897299245994,0.6,3,0,4,0.6122619097133767,5,1.6363636363636365,8,0.2727272727272727,0.0,0.2727272727272727,0.18181818181818182,3,0.2727272727272727,1,0.8181818181818182,0.19063189564488534,0.24,0.21531594782244268,supply chain,2019,2.1979374079038525,1,0 0 0 0 0 0 0 0 1 2 3 8,термины
nanofibers,2026,38,21.5,2.5143661755936013,12.0,3.5123314516839805,-0.285982897367681,-2.325057948846104,0.20930232558139536,10,0,11,0.725140900746458,19,1.5526315789473684,19,0.21052631578947367,0.02631578947368421,0.10526315789473684,0.02631578947368421,12,0.3157894736842105,3,0.8421052631578947,0.3803560855299111,0.04,0.21017804276495555,protection pipelines,2021,0.2825541832731321,0,0 1 2 1 1 1 6 5 1 3 14 4,термины
api x52,2026,24,21.5,2.330189803674042,1.0,0.1991238550378335,1.3982711413913145,-0.11905936001598794,0.627906976744186,11,3,9,0.37517766419982346,7,1.7083333333333333,18,0.125,0.125,0.25,0.08333333333333333,10,0.4166666666666667,2,0.75,0.2432850997633503,0.16,0.20164254988167515,hydrothermal,2021,0.5221433953540757,0,1 0 1 2 1 1 0 0 1 2 6 14,термины
multi-source,2026,26,28.0,3.125693902729889,3.0,0.7219996720312976,1.0875570990680787,-0.22314355131421038,0.5357142857142857,4,0,5,0.7298161940596527,15,1.7692307692307692,6,0.6538461538461539,0.11538461538461539,0.46153846153846156,0.11538461538461539,10,0.38461538461538464,3,0.8461538461538461,0.20242596013518474,0.2,0.20121298006759236,artificial neural,2019,0.6169945725200505,0,0 0 0 0 0 0 0 2 1 4 9 15,термины
physics-guided,2026,10,14.0,1.4190654016930007,0.0,0.0,1.3449854781371204,0.3677247801253172,0.8571428571428571,1,0,2,0.8795880017344073,8,1.6,5,0.5,0.1,0.4,0.3,7,0.7,3,0.8,0.11678308296438866,0.28,0.19839154148219434,air capture carbon,2021,1.4484691392777669,0,0 0 0 0 0 0 0 0 0 0 2 12,термины
control strategies,2026,19,17.0,1.8158310202835093,1.0,0.3343363423604146,1.0208872648881444,-2.0918640616783932,0.5294117647058824,10,6,5,0.8326146603370331,13,1.7894736842105263,12,0.3684210526315789,0.10526315789473684,0.5263157894736842,0.10526315789473684,8,0.42105263157894735,3,0.6842105263157895,0.2753612101545983,0.12,0.19768060507729915,green hydrogen,2021,3.13777952785126,1,0 2 0 0 2 0 1 0 0 0 8 9,термины
arc plasma,2026,14,11.0,1.1910336876818999,5.0,1.057933328648066,0.08197983784547605,3.401197381662156,0.8181818181818182,7,3,5,0.6856668991397343,7,1.2857142857142858,9,0.14285714285714285,0.0,0.2857142857142857,0.0,6,0.42857142857142855,2,0.8571428571428571,0.23503705247624979,0.16,0.19751852623812488,rankine,2020,0.8669136507176429,0,0 0 0 0 1 0 0 1 4 2 0 9,термины
non-thermal,2026,32,26.5,2.842944141144931,9.0,2.041370909176096,0.2741482346467714,1.1878434223960526,0.7358490566037735,11,4,8,0.5153195311147832,10,1.8125,21,0.15625,0.0,0.21875,0.03125,11,0.34375,3,0.75,0.2738869701559825,0.12,0.19694348507799125,green hydrogen,2021,3.13777952785126,1,1 0 1 0 1 0 0 4 5 3 4 20,термины
future perspectives,2026,33,23.0,2.5630348554440725,12.0,2.836269015071076,-0.08544691395707926,-0.4432054360910118,0.5217391304347826,6,0,7,0.7072714731941496,17,2.272727272727273,29,0.18181818181818182,0.09090909090909091,0.18181818181818182,0.09090909090909091,15,0.45454545454545453,4,0.7575757575757576,0.3531256863229073,0.04,0.19656284316145364,microbial,2021,0.729584621568046,0,0 0 0 0 0 2 1 5 6 3 8 12,термины
dfm,2026,18,10.0,1.0563936096220814,6.0,1.5897962117899602,-0.29469519865343297,-1.2729656758128873,0.6,10,3,8,0.33833890880972034,4,1.7777777777777777,11,0.1111111111111111,0.0,0.4444444444444444,0.0,5,0.2777777777777778,2,0.6666666666666666,0.2711940358000646,0.12,0.1955970179000323,light irradiation,2021,0.7492363493474354,0,0 1 1 2 0 0 2 2 2 0 4 6,термины
near-field,2026,17,13.0,1.3878120510575112,5.0,1.3283583032932282,0.032000051349015596,0.22314355131421004,0.6923076923076923,7,1,7,0.6487628158639348,9,1.7647058823529411,9,0.17647058823529413,0.0,0.5882352941176471,0.4117647058823529,6,0.35294117647058826,4,0.8235294117647058,0.2640964801754666,0.12,0.1920482400877333,negative emission,2020,1.4799521285740251,0,0 0 0 0 2 0 2 1 2 1 3 9,термины
indoor,2026,47,38.5,4.230387776247255,11.0,2.450202999656547,0.47213320000967635,-1.2597074408481792,0.5064935064935064,9,1,9,0.492917013940259,19,1.2340425531914894,21,0.2127659574468085,0.0,0.44680851063829785,0.06382978723404255,14,0.2978723404255319,3,0.8085106382978723,0.29966973412810344,0.08,0.18983486706405173,life-cycle,2021,1.380999639926633,0,0 0 1 1 0 2 1 2 8 3 16 20,термины
colombia,2026,16,10.0,1.125318094571634,3.0,0.784313725490196,0.23547903721381105,0.8472978603872034,0.6,11,4,8,0.9375,14,1.3125,8,0.0,0.125,0.0625,0.0,6,0.375,4,0.875,0.25908583774700256,0.12,0.18954291887350128,hydrothermal,2021,0.5221433953540757,0,1 1 0 0 1 2 0 3 0 2 2 6,термины
energy-based,2026,11,10.0,1.125318094571634,3.0,0.7948981058949801,0.2272715377814157,0.8472978603872034,0.6,5,0,6,0.8423282765538793,8,1.8181818181818181,9,0.45454545454545453,0.0,0.2727272727272727,0.18181818181818182,4,0.36363636363636365,4,1.0,0.0886223467093494,0.28,0.18431117335467473,supply chain,2019,2.1979374079038525,1,0 0 0 0 0 0 1 1 1 2 2 6,термины
natural gas-hydrogen,2026,18,10.5,1.361372038180951,6.0,1.5274821583310618,-0.08548083640457459,-0.5108256237659905,0.14285714285714285,6,0,7,0.7286851286353203,10,1.2222222222222223,10,0.2222222222222222,0.0,0.2777777777777778,0.1111111111111111,10,0.5555555555555556,1,0.7777777777777778,0.3268892116766169,0.04,0.18344460583830843,nitride,2020,0.7590534821569395,0,0 0 0 0 0 2 2 1 3 5 4 2,термины
joints,2026,65,60.0,6.614059597530698,5.0,1.1931458159706472,1.4354848228002697,0.14171580186801158,0.6,11,2,10,0.401873475282763,11,1.4153846153846155,22,0.4153846153846154,0.015384615384615385,0.36923076923076925,0.1076923076923077,31,0.47692307692307695,2,0.6,0.32272298360933194,0.04,0.18136149180466596,energy transition,2021,1.5512441791277476,0,6 3 0 0 2 1 1 1 3 8 16 36,термины
co-production,2026,44,31.5,3.386583413296123,10.0,2.5732337923179895,0.23480011201594483,-0.676753370784269,0.6190476190476191,11,2,10,0.6685656838659501,19,1.6590909090909092,24,0.18181818181818182,0.045454545454545456,0.38636363636363635,0.06818181818181818,28,0.6363636363636364,3,0.6590909090909091,0.3622992616325355,0.0,0.18114963081626775,methane decomposition,2021,1.3616573851336096,0,4 0 1 0 2 2 2 5 3 2 10 20,термины
virtual,2026,36,29.0,3.3447009330794124,8.0,2.06094235572931,0.40632052073574343,0.6931471805599454,0.5172413793103449,11,3,9,0.9140327095034355,28,1.4722222222222223,16,0.2222222222222222,0.0,0.2222222222222222,0.0,10,0.2777777777777778,4,0.8611111111111112,0.23372519303350944,0.12,0.17686259651675473,energy transition,2021,1.5512441791277476,0,2 1 0 0 0 1 3 1 4 7 7 15,термины
aerogels,2026,24,14.0,1.5877993062724087,12.0,3.033795555852555,-0.5262619738729791,-0.8472978603872034,0.42857142857142855,5,0,6,0.5451276155735781,9,2.4166666666666665,18,0.4583333333333333,0.0,0.375,0.20833333333333334,20,0.8333333333333334,2,0.7083333333333334,0.1126594508474121,0.24,0.17632972542370604,carbon dioxide removal,2021,2.2489425244830246,1,0 0 0 0 0 0 2 6 4 2 6 6,термины
comparative life,2026,22,14.5,1.6206571028275416,7.0,1.788920066827794,-0.07635412497417636,-0.34484048629172936,0.5172413793103449,10,3,8,0.7439602823150844,12,1.9545454545454546,20,0.09090909090909091,0.045454545454545456,0.3181818181818182,0.09090909090909091,15,0.6818181818181818,3,0.6818181818181818,0.23140435080580282,0.12,0.1757021754029014,methane decomposition,2021,1.3616573851336096,0,0 2 0 0 0 1 2 2 3 2 5 8,термины
transmission network,2026,17,12.0,1.322096457947245,6.0,1.5792118313851764,-0.1320011565515201,-0.9444616088408514,0.5,6,0,7,0.7192307628580471,9,1.2352941176470589,17,0.058823529411764705,0.0,0.11764705882352941,0.0,6,0.35294117647058826,3,0.6470588235294118,0.31079626041471203,0.04,0.175398130207356,impressed current,2021,0.37443612275902916,0,0 0 0 0 0 1 1 4 1 1 5 6,термины
comments,2026,17,11.5,1.2737961940519604,5.0,1.3906723567521269,-0.06381051781158402,1.041453874828161,0.6521739130434783,8,0,9,0.8343604297372124,12,0.7058823529411765,5,0.11764705882352941,0.0,0.11764705882352941,0.11764705882352941,10,0.5882352941176471,4,0.47058823529411764,0.2292905277439228,0.12,0.1746452638719614,machine,2019,2.4610838916634883,1,0 0 0 1 1 1 2 2 1 2 2 8,термины
liquid-based,2026,13,15.5,1.6863726959378076,1.0,0.1991238550378335,1.140171230966091,0.7683706017975329,0.6774193548387096,3,0,4,0.40694522011037665,5,1.5384615384615385,10,0.3076923076923077,0.0,0.38461538461538464,0.23076923076923078,4,0.3076923076923077,3,0.7692307692307693,0.10267274035290533,0.24,0.17133637017645265,capture carbon dioxide,2019,2.4764057807594084,1,0 0 0 0 0 0 0 0 1 2 3 10,термины
risk-based,2026,38,40.5,4.296471785312708,4.0,0.8588094736102326,1.2612716735878329,1.5071590633136822,0.7777777777777778,9,2,8,0.4586918930049627,10,1.0526315789473684,20,0.10526315789473684,0.0,0.15789473684210525,0.05263157894736842,10,0.2631578947368421,3,0.7105263157894737,0.1787950271479629,0.16,0.16939751357398145,africa,2021,0.8428177383937306,0,0 0 2 1 0 1 0 1 3 4 5 32,термины
simulation-based,2026,22,14.5,1.6206571028275416,7.0,1.9347169345551591,-0.13810450631252338,-0.34484048629172936,0.5172413793103449,10,3,8,0.8292190887354364,15,1.7272727272727273,18,0.09090909090909091,0.0,0.2727272727272727,0.13636363636363635,11,0.5,4,0.9545454545454546,0.2167095189302429,0.12,0.16835475946512146,geothermal,2021,1.1490221983344777,0,0 1 0 0 1 1 4 0 3 2 5 8,термины
sour service,2026,11,11.5,1.2393339515771842,1.0,0.1991238550378335,0.9114296170442071,0.06062462181643491,0.6521739130434783,8,4,5,0.3693131062155174,4,2.0,11,0.0,0.09090909090909091,0.2727272727272727,0.09090909090909091,3,0.2727272727272727,2,0.9090909090909091,0.21208693789169836,0.12,0.16604346894584918,green hydrogen,2021,3.13777952785126,1,0 0 0 1 0 0 0 0 1 1 3 8,термины
egypt,2026,17,11.0,1.2409383974968275,3.0,0.7219996720312976,0.3539356843953372,0.27193371548364187,0.5454545454545454,11,4,8,0.7753584115093195,11,1.2941176470588236,11,0.0,0.058823529411764705,0.11764705882352941,0.11764705882352941,6,0.35294117647058826,3,0.8235294117647058,0.21103516657988025,0.12,0.16551758328994012,green hydrogen,2021,3.13777952785126,1,1 0 0 1 0 3 0 2 1 2 3 6,термины
integrated co2 capture,2026,33,24.0,2.6287504485543383,6.0,1.5897962117899602,0.40356715222711026,0.26706278524904525,0.625,11,1,11,0.4529862326774974,7,1.6666666666666667,22,0.15151515151515152,0.0,0.48484848484848486,0.09090909090909091,17,0.5151515151515151,3,0.7272727272727273,0.2904436589775411,0.04,0.16522182948877054,bayesian,2021,1.0394229695713104,0,1 1 0 2 2 2 2 2 2 3 6 15,термины
reinforcement learning,2026,16,14.5,1.6396768779621667,5.0,1.057933328648066,0.317294672402817,4.051784947803305,0.7241379310344828,4,1,4,0.6700091331443164,8,1.5,12,0.25,0.0,0.375,0.375,10,0.625,4,0.8125,0.20669156442824882,0.12,0.1633457822141244,capture carbon dioxide,2021,1.290885226585585,0,0 0 0 0 0 0 0 1 4 4 0 10,термины
numerical investigation,2026,42,38.0,4.438765677015557,7.0,1.716021632964111,0.8014019060212586,0.5465437063680696,0.47368421052631576,8,0,9,0.7793414110657148,23,1.6904761904761905,21,0.5,0.047619047619047616,0.35714285714285715,0.11904761904761904,38,0.9047619047619048,4,0.6428571428571429,0.1664316404327101,0.16,0.16321582021635506,molten,2021,0.9830095069847893,0,0 0 0 1 1 1 1 3 3 10 10 18,термины
lidar,2026,22,12.5,1.4737834492668582,8.0,1.790517381084148,-0.14882548914434987,-0.49247648509779407,0.36,6,0,7,0.5411201791593214,10,1.0,7,0.0,0.13636363636363635,0.13636363636363635,0.36363636363636365,8,0.36363636363636365,3,0.5454545454545454,0.08412837241465565,0.24,0.16206418620732782,economic feasibility,2020,2.0314668785194345,1,0 0 0 0 0 3 1 1 6 3 5 4,термины
layered double,2026,20,15.0,1.8068063366219311,6.0,1.6626946456536427,0.06450906436289999,0.5187937934151676,0.4,6,0,7,0.5660527641737118,7,2.15,8,0.65,0.0,0.6,0.15,15,0.75,4,0.9,0.08364935790727208,0.24,0.16182467895363603,methane leak,2021,1.0448420336497402,0,0 0 0 0 0 1 3 1 2 5 4 6,термины
hydrogen-induced,2026,76,68.0,7.573484263407024,14.0,3.172202671687845,0.7877934791215871,-0.44260465505762125,0.5294117647058824,11,1,11,0.33861780606468034,15,1.7105263157894737,27,0.47368421052631576,0.10526315789473684,0.4605263157894737,0.039473684210526314,29,0.3815789473684211,2,0.5921052631578947,0.20235752458489142,0.12,0.1611787622924457,energy storage,2021,1.0416030938623486,0,1 2 0 1 1 1 1 4 9 9 23 36,термины
centrifugal,2026,22,19.0,2.0161866914535937,6.0,1.5274821583310618,0.21594983064400444,1.6739764335716714,0.7894736842105263,10,3,8,0.7526726948270804,13,1.3181818181818181,13,0.22727272727272727,0.0,0.3181818181818182,0.3181818181818182,8,0.36363636363636365,4,0.7272727272727273,0.3212217328765502,0.0,0.1606108664382751,optimisation,2021,1.7142037084557202,0,0 1 1 0 0 0 2 1 3 2 2 15,термины
rice,2026,34,23.5,2.7147218467636858,6.0,1.4545837244673792,0.4975635945067918,-0.1603426500751799,0.44680851063829785,10,0,11,0.6831389759873066,17,2.0,20,0.14705882352941177,0.0,0.058823529411764705,0.0,20,0.5882352941176471,3,0.9705882352941176,0.3173964972159408,0.0,0.1586982486079704,synthetic natural gas,2021,0.5477762909155198,0,0 1 1 4 1 1 1 2 3 5 8 10,термины
carbonic anhydrase,2026,19,16.5,1.8019929988630015,5.0,1.2554598694295456,0.2710444125111496,0.3220834991691135,0.6363636363636364,10,4,7,0.5104761473090017,7,1.736842105263158,16,0.15789473684210525,0.0,0.3157894736842105,0.05263157894736842,9,0.47368421052631576,1,0.8421052631578947,0.1973556763722893,0.12,0.15867783818614464,green hydrogen,2021,3.13777952785126,1,0 1 0 0 0 0 1 2 2 2 4 10,термины
combustor,2026,57,48.5,5.428207663562915,10.0,2.3862916319412943,0.7197494125304965,1.720252278774391,0.6494845360824743,10,1,10,0.5272669788084758,15,1.1403508771929824,19,0.24561403508771928,0.017543859649122806,0.3684210526315789,0.03508771929824561,20,0.3508771929824561,3,0.5087719298245614,0.15633770746078413,0.16,0.15816885373039208,reforming natural gas,2021,0.33556409845061047,0,0 1 0 2 2 4 2 2 6 10 7 32,термины
fundamentals,2026,38,25.0,2.8477574789038607,6.0,1.3922696710084808,0.5705137196816837,1.4996230464268938,0.6,10,0,11,0.7729218248580287,23,2.1315789473684212,17,0.21052631578947367,0.05263157894736842,0.42105263157894735,0.05263157894736842,12,0.3157894736842105,4,0.8421052631578947,0.23400700514328948,0.08,0.15700350257164475,formate,2021,0.37266807802194885,0,0 3 2 3 3 1 1 1 4 6 4 15,термины
ultralow,2026,15,10.0,1.1597803370464101,6.0,1.5274821583310618,-0.20010944060002245,1.9459101490553132,0.6,7,1,7,0.7677668870527624,10,2.3333333333333335,10,0.6666666666666666,0.0,0.7333333333333333,0.0,4,0.26666666666666666,4,1.0,0.27295718361465976,0.04,0.15647859180732987,nanoparticle,2021,0.9968802067330738,0,0 0 0 0 1 0 2 1 3 3 1 6,термины
macroeconomic,2026,11,11.0,1.2064761550220513,1.0,0.26143790849673204,0.8069771646223607,-0.579818495252942,0.5454545454545454,11,7,5,0.7699336331594973,7,1.4545454545454546,9,0.09090909090909091,0.0,0.2727272727272727,0.09090909090909091,3,0.2727272727272727,3,0.7272727272727273,0.19080142174575135,0.12,0.15540071087287566,green hydrogen,2021,3.13777952785126,1,1 0 0 0 0 0 0 1 0 1 4 6,термины
three-phase,2026,22,20.5,2.2490317432236244,3.0,0.8677965397586626,0.6980476764132026,0.8415671856782188,0.6585365853658537,10,4,7,0.8622961994868505,16,1.1818181818181819,14,0.13636363636363635,0.0,0.045454545454545456,0.13636363636363635,7,0.3181818181818182,4,0.9090909090909091,0.18908621998235506,0.12,0.15454310999117754,green hydrogen,2021,3.13777952785126,1,0 1 0 0 2 0 2 0 1 3 4 14,термины
flame stability,2026,13,13.0,1.4377167608724388,0.0,0.0,1.3546575331269157,-1.252762968495368,0.46153846153846156,9,5,5,0.5173280284036129,5,2.5384615384615383,12,0.3076923076923077,0.0,0.15384615384615385,0.0,4,0.3076923076923077,1,0.6153846153846154,0.18884520437545943,0.12,0.1544226021877297,green hydrogen,2021,3.13777952785126,1,0 0 1 1 0 0 0 0 0 1 6 6,термины
phase change,2026,24,13.0,1.5411034882967678,4.0,1.1292344482553947,0.22538034639910334,0.7827593392496324,0.46153846153846156,11,0,12,0.6941861170337609,12,1.625,11,0.25,0.041666666666666664,0.4166666666666667,0.0,8,0.3333333333333333,4,0.75,0.3065675639885614,0.0,0.1532837819942807,activated carbon,2021,0.9934750601759751,0,1 1 1 1 1 4 2 1 1 4 3 6,термины
magnesium,2026,47,28.5,3.311843136524279,14.0,3.5672557532508034,-0.06485567490669959,0.35914103643392536,0.47368421052631576,11,0,12,0.7291745683318988,22,1.7872340425531914,19,0.0851063829787234,0.02127659574468085,0.23404255319148937,0.14893617021276595,12,0.2553191489361702,4,0.8723404255319149,0.2236662656266253,0.08,0.15183313281331265,ammonia hydrogen,2021,1.7270731716862224,0,1 1 1 1 4 1 3 6 5 7 8 14,термины
hydrogen supply,2026,102,88.0,10.28399476426806,14.0,3.702468240573385,0.9423910396583554,0.15996464969267832,0.4431818181818182,9,0,10,0.4355640265515692,25,1.588235294117647,33,0.13725490196078433,0.06862745098039216,0.28431372549019607,0.08823529411764706,38,0.37254901960784315,3,0.5588235294117647,0.18025217271508584,0.12,0.15012608635754293,ammonia production,2021,0.818045914589193,0,0 0 1 1 2 9 4 6 4 22 27 39,термины
restoration,2026,27,22.5,2.633563786313269,5.0,1.4529864102110253,0.4728112532736119,0.49643688631389105,0.4666666666666667,11,4,8,0.9162274256613735,22,1.7407407407407407,17,0.14814814814814814,0.037037037037037035,0.14814814814814814,0.18518518518518517,8,0.2962962962962963,4,0.8518518518518519,0.17768938438247361,0.12,0.1488446921912368,green hydrogen,2021,3.13777952785126,1,1 0 0 1 0 1 2 3 0 6 6 10,термины
current cathodic protection,2026,41,13.0,1.5066412458219913,10.0,2.7296150404501387,-0.4759006452312303,0.11332868530700324,0.46153846153846156,11,0,12,0.721509306584634,22,1.5609756097560976,22,0.24390243902439024,0.024390243902439025,0.14634146341463414,0.0,11,0.2682926829268293,1,0.9024390243902439,0.25744126110772636,0.04,0.14872063055386317,seawater,2021,1.2351866932564215,0,5 2 5 2 1 5 5 1 4 3 4 6,термины
vacuum swing,2026,51,35.5,4.105742789660483,13.0,3.4410303320766524,0.15586176265960547,0.08961215868968742,0.4647887323943662,11,2,10,0.339306210048837,13,1.0784313725490196,22,0.13725490196078433,0.058823529411764705,0.6470588235294118,0.21568627450980393,22,0.43137254901960786,2,0.6078431372549019,0.2573796395268974,0.04,0.1486898197634487,adsorbents,2021,1.7057943380259617,0,3 1 0 0 2 2 4 5 4 8 11 16,термины
permafrost,2026,21,22.0,2.228775938124543,4.0,0.9940219609328137,0.6023813483115504,3.7841896339182615,0.9545454545454546,11,5,7,0.523256672976699,7,1.5714285714285714,17,0.09523809523809523,0.09523809523809523,0.23809523809523808,0.09523809523809523,11,0.5238095238095238,4,0.6666666666666666,0.21558119212533036,0.08,0.14779059606266517,hydrothermal,2021,0.5221433953540757,0,1 0 0 0 0 1 1 1 2 1 0 21,термины
experimental evaluation,2026,11,12.0,1.3066539906070935,0.0,0.0,1.2846236910496398,2.014903020542265,0.75,10,6,5,0.8224908743082041,8,1.3636363636363635,7,0.18181818181818182,0.0,0.36363636363636365,0.09090909090909091,4,0.36363636363636365,4,0.9090909090909091,0.17446656440625563,0.12,0.1472332822031278,green hydrogen,2021,3.13777952785126,1,0 1 1 0 0 0 0 0 0 2 1 9,термины
zealand,2026,18,18.0,1.9005663885284,3.0,0.7948981058949801,0.6172726953822996,2.4849066497880004,0.8333333333333334,10,3,8,0.7020392990166392,9,0.6111111111111112,4,0.0,0.05555555555555555,0.05555555555555555,0.0,9,0.5,4,0.3333333333333333,0.05179833098016424,0.24,0.1458991654900821,africa,2021,0.8428177383937306,0,0 1 0 1 0 0 1 1 1 2 1 15,термины
non-catalytic,2026,28,18.0,2.0693002931078084,9.0,2.114269343039778,-0.01735104620057312,0.32850406697203627,0.5,9,0,10,0.7231836460340422,15,1.7857142857142858,24,0.17857142857142858,0.03571428571428571,0.25,0.0,10,0.35714285714285715,3,0.9285714285714286,0.2502638958751928,0.04,0.1451319479375964,methanation,2021,1.080794586864195,0,0 0 1 1 1 1 1 3 5 4 5 9,термины
lagrangian stochastic,2026,10,11.0,1.1221092027323472,2.0,0.5228758169934641,0.46110919081471013,0.10536051565782634,0.8181818181818182,4,2,3,0.34822537285722394,3,0.8,4,0.0,0.0,0.5,0.5,4,0.4,2,0.7,0.2093778413850481,0.08,0.14468892069252406,optimisation,2021,1.7142037084557202,0,0 0 0 0 0 0 0 2 0 0 2 9,термины
asset integrity,2026,11,13.5,1.5394990423771242,0.0,0.0,1.40585139079725,0.7537718023763802,0.5555555555555556,2,0,3,0.7699336331594974,7,0.6363636363636364,4,0.0,0.09090909090909091,0.09090909090909091,0.18181818181818182,4,0.36363636363636365,3,0.8181818181818182,0.04817933242859829,0.24,0.14408966621429914,machine,2019,2.4610838916634883,1,0 0 0 0 0 0 0 0 0 3 3 8,термины
heterojunction,2026,19,17.0,1.9192177477078383,5.0,1.3283583032932282,0.2800257809739963,0.10536051565782656,0.5294117647058824,5,0,6,0.3449342403974814,4,2.3157894736842106,14,0.5789473684210527,0.0,0.21052631578947367,0.0,11,0.5789473684210527,2,0.7894736842105263,0.1261418954117216,0.16,0.14307094770586082,bimetallic,2021,0.9169545988800983,0,0 0 0 0 0 0 2 1 2 3 5 9,термины
retrofit,2026,63,50.5,5.624986026938526,12.0,3.1795924235799204,0.5095744835268963,0.9880346367329964,0.6237623762376238,11,0,12,0.6615961382541643,25,1.2698412698412698,25,0.07936507936507936,0.047619047619047616,0.30158730158730157,0.15873015873015872,22,0.3492063492063492,4,0.5555555555555556,0.16567823781294633,0.12,0.14283911890647316,machine,2021,2.055059331109434,1,2 2 1 2 2 2 4 4 4 9 10 32,термины
thermodynamic efficiency,2026,21,16.5,1.9897466785770341,4.0,1.0669203947964963,0.463068808729804,1.3133875903118029,0.45454545454545453,10,3,8,0.7575363025513071,12,1.7142857142857142,15,0.09523809523809523,0.0,0.23809523809523808,0.09523809523809523,6,0.2857142857142857,3,0.9523809523809523,0.16479405637379196,0.12,0.14239702818689598,geothermal,2021,1.1490221983344777,0,0 1 1 0 1 0 2 0 2 6 3 8,термины
microalgae,2026,34,19.0,2.2538450809825545,11.0,2.772357647355823,-0.17251257183599267,1.0296194171811586,0.47368421052631576,10,0,11,0.6412296014996947,17,2.088235294117647,25,0.11764705882352941,0.0,0.2647058823529412,0.14705882352941177,17,0.5,3,0.8529411764705882,0.12472994726223126,0.16,0.14236497363111564,co2 utilization,2021,0.39317417797842963,0,0 1 2 1 2 1 2 5 4 6 4 9,термины
ammonia-fueled,2026,16,15.0,1.6535148993826745,2.0,0.46056176353456557,0.8073383394877077,0.18232155679395512,0.6,7,1,7,0.5131053209573412,5,2.0,15,0.1875,0.0,0.375,0.1875,9,0.5625,2,0.9375,0.20308787273701864,0.08,0.14154393636850932,bayesian,2021,1.0394229695713104,0,0 0 0 0 1 1 0 1 1 2 4 9,термины
plasma-assisted,2026,37,35.5,4.002356062236154,5.0,1.057933328648066,1.0612406755233588,-0.7621400520468966,0.4647887323943662,11,5,7,0.47778353056192874,11,1.8918918918918919,22,0.43243243243243246,0.0,0.3783783783783784,0.02702702702702703,18,0.4864864864864865,3,0.7297297297297297,0.16254664089581733,0.12,0.14127332044790866,green hydrogen,2021,3.13777952785126,1,1 0 1 0 0 0 0 1 4 5 14 16,термины
iron catalyst,2026,22,11.0,1.2409383974968275,1.0,0.1991238550378335,0.9123516403069759,0.27193371548364187,0.5454545454545454,11,3,9,0.48292374973213364,7,1.5,11,0.09090909090909091,0.045454545454545456,0.22727272727272727,0.09090909090909091,6,0.2727272727272727,2,0.8636363636363636,0.08028947058492697,0.2,0.1401447352924635,pipeline inspection,2021,0.5311575719828165,0,4 1 1 5 1 0 0 0 1 2 3 6,термины
network-based,2026,12,11.0,1.275400639971604,1.0,0.26143790849673204,0.8465727585048479,1.1349799328389842,0.5454545454545454,7,2,6,0.9070190181162902,10,1.6666666666666667,7,0.3333333333333333,0.08333333333333333,0.3333333333333333,0.0,5,0.4166666666666667,4,1.0,0.15676483597734372,0.12,0.13838241798867185,africa,2021,0.8428177383937306,0,0 0 0 0 1 1 0 1 0 3 2 6,термины
characteristics hydrogen-blended,2026,20,19.0,2.2193828385077783,4.0,0.796495420151334,0.7407401634359834,0.5108256237659909,0.47368421052631576,3,0,4,0.6760705015763371,11,1.0,3,0.95,0.0,0.9,0.15,17,0.85,1,0.5,0.19046702869185542,0.08,0.1352335143459277,air capture co2,2019,2.379136840018555,1,0 0 0 0 0 0 0 0 4 5 5 9,термины
multi-energy,2026,11,10.5,1.1237136486519905,3.0,0.659685618572399,0.3365669515567137,0.6359887667199965,0.7142857142857143,4,0,5,0.6648191508620835,6,2.1818181818181817,8,0.7272727272727273,0.0,0.6363636363636364,0.09090909090909091,3,0.2727272727272727,3,0.9090909090909091,0.07044975734414677,0.2,0.1352248786720734,capture carbon,2019,2.413863759409099,1,0 0 0 0 0 0 0 1 2 1 2 8,термины
fiber-optic,2026,56,52.5,5.90613134260384,9.0,2.0519552895808797,0.9203957084646504,0.14179791186025792,0.5428571428571428,11,3,9,0.6534255267886148,25,1.4464285714285714,23,0.35714285714285715,0.07142857142857142,0.21428571428571427,0.017857142857142856,21,0.375,4,0.7678571428571429,0.15011300351388687,0.12,0.13505650175694345,energy transition,2021,1.5512441791277476,0,1 0 0 2 1 0 1 2 6 9 15 28,термины
small modular,2026,14,10.5,1.1237136486519905,4.0,1.1292344482553947,-0.0033943393743833703,0.6359887667199965,0.7142857142857143,10,3,8,0.5938034053704263,7,0.8571428571428571,7,0.0,0.0,0.21428571428571427,0.21428571428571427,7,0.5,3,0.8571428571428571,0.06923673399783276,0.2,0.13461836699891638,geothermal,2021,1.1490221983344777,0,0 1 0 0 1 0 2 1 1 1 2 8,термины
growth pipeline,2026,12,10.0,1.125318094571634,1.0,0.1991238550378335,0.8436309106797895,0.8472978603872034,0.6,11,5,7,0.5431964199892815,6,1.4166666666666667,9,0.25,0.0,0.25,0.08333333333333333,5,0.4166666666666667,2,0.8333333333333334,0.14360884812998917,0.12,0.1318044240649946,green hydrogen,2021,3.13777952785126,1,1 1 0 0 0 1 0 0 1 2 2 6,термины
helium,2026,33,18.0,1.9504710983433278,11.0,3.0533670024057695,-0.37161531426308353,0.44468582126144596,0.6666666666666666,9,0,10,0.8221269370853986,22,1.7272727272727273,12,0.30303030303030304,0.030303030303030304,0.36363636363636365,0.0,10,0.30303030303030304,4,0.8181818181818182,0.14092208017687005,0.12,0.130461040088435,activated carbon,2021,0.9934750601759751,0,0 0 1 3 3 1 5 3 3 2 4 12,термины
fractal,2026,11,13.0,1.4032545183976624,0.0,0.0,1.3367125058044818,-2.212972934304358,0.46153846153846156,1,0,2,0.8948855177025863,9,1.4545454545454546,4,0.45454545454545453,0.0,0.36363636363636365,0.0,4,0.36363636363636365,3,1.0,0.18084075837391728,0.08,0.13042037918695865,parametric,2017,1.2211264400653143,0,0 0 0 0 0 0 0 0 0 0 7 6,термины
pearlitic,2026,11,12.0,1.3565587004220214,0.0,0.0,1.311871793559619,-0.17435338714477755,0.5,7,4,4,0.6423574218189115,6,2.1818181818181817,11,0.0,0.09090909090909091,0.09090909090909091,0.09090909090909091,4,0.36363636363636365,2,1.0,0.14054610916232407,0.12,0.13027305458116203,green hydrogen,2021,3.13777952785126,1,0 0 0 0 1 0 0 0 0 2 4 6,термины
functional materials,2026,30,18.0,2.0502805179731833,12.0,3.314804910902501,-0.4026861658824372,-1.751268107873318,0.3333333333333333,11,4,8,0.7367315292169774,17,2.2333333333333334,12,0.3333333333333333,0.03333333333333333,0.5666666666666667,0.16666666666666666,11,0.36666666666666664,3,0.6333333333333333,0.13815093725107525,0.12,0.12907546862553762,light irradiation,2021,0.7492363493474354,0,1 0 1 0 0 0 5 4 3 2 10 6,термины
weld,2026,98,73.5,8.372197254302158,11.0,2.7206279743017086,1.0133461195364168,-0.3830837059120298,0.46938775510204084,11,0,12,0.402870529371873,17,1.2551020408163265,33,0.37755102040816324,0.11224489795918367,0.45918367346938777,0.061224489795918366,32,0.32653061224489793,4,0.5918367346938775,0.13774253927789867,0.12,0.12887126963894935,ammonia production,2021,0.818045914589193,0,3 7 1 3 3 8 3 2 6 13 26 34,термины
ceo2,2026,28,21.5,2.3991142886235943,10.0,2.7084462796405706,-0.10138152230296756,1.0647107369924285,0.627906976744186,7,1,7,0.500964338030974,8,1.9285714285714286,13,0.2857142857142857,0.0,0.25,0.07142857142857142,17,0.6071428571428571,3,0.6785714285714286,0.13624550824766737,0.12,0.12812275412383367,cold energy,2021,0.8669611675722441,0,0 0 0 0 1 0 3 5 2 4 4 14,термины
synergistic integration,2026,12,10.5,1.1237136486519905,1.0,0.1991238550378335,0.8426432650198723,0.6359887667199965,0.7142857142857143,7,2,6,0.8140380362325803,9,2.75,11,0.16666666666666666,0.0,0.5833333333333334,0.08333333333333333,4,0.3333333333333333,3,0.75,0.2560326906171679,0.0,0.12801634530858394,co-based,2021,0.5837986174567401,0,0 0 0 0 2 1 0 0 1 1 2 8,термины
dry reforming methane,2026,32,18.0,2.015818275498407,8.0,2.2478845161060055,-0.08823324008504034,-2.330755969960742,0.3333333333333333,11,0,12,0.45588343733773995,10,2.15625,23,0.3125,0.0,0.46875,0.09375,13,0.40625,3,0.90625,0.13444846396725782,0.12,0.12722423198362892,co2 adsorption,2021,1.302130127384733,0,2 1 1 1 1 2 3 4 1 1 11 6,термины
corn,2026,19,10.5,1.1736183584669184,7.0,1.8512341202866924,-0.33995238360234237,-1.1856236656577392,0.42857142857142855,11,3,9,0.8313773328738008,14,1.368421052631579,9,0.10526315789473684,0.05263157894736842,0.3157894736842105,0.0,5,0.2631578947368421,3,0.9473684210526315,0.13433097356223975,0.12,0.12716548678111989,reconstruction,2021,1.1873881200632386,0,1 0 0 0 1 1 2 3 2 1 5 4,термины
dual-fuel engine,2026,22,16.5,1.8019929988630015,4.0,0.9834375805280295,0.43941318491884523,0.3220834991691135,0.6363636363636364,9,2,8,0.5565091664628842,7,1.3636363636363635,12,0.4090909090909091,0.0,0.18181818181818182,0.09090909090909091,8,0.36363636363636365,4,0.8636363636363636,0.05425364863644331,0.2,0.12712682431822167,geothermal,2021,1.1490221983344777,0,0 0 2 2 0 1 0 3 1 2 4 10,термины
dioxide removal technologies,2026,19,14.0,1.6567237912219612,6.0,1.5168977779262776,0.06702972948986217,0.33647223662121295,0.42857142857142855,7,1,7,0.3147993780646786,5,1.736842105263158,18,0.10526315789473684,0.0,0.2631578947368421,0.15789473684210525,12,0.631578947368421,1,0.7368421052631579,0.09319540997602878,0.16,0.1265977049880144,bayesian,2021,1.0394229695713104,0,0 0 0 0 1 0 1 3 2 4 4 6,термины
oral,2026,32,24.5,2.9147091019785836,9.0,1.792114695340502,0.3986174677602664,-0.8838369870244167,0.30612244897959184,6,2,5,0.6841917186688699,15,1.125,8,0.0625,0.0625,0.03125,0.0,27,0.84375,4,0.1875,0.17188358232602746,0.08,0.12594179116301374,power-to-gas,2021,0.4536643566477317,0,0 0 0 0 0 1 0 0 9 6 11 8,термины
hydrogen-assisted fatigue crack,2026,11,15.0,1.5691479470929706,0.0,0.0,1.4202840833367045,1.0608719606852626,0.8,2,0,3,0.12704312019170227,2,0.9090909090909091,6,0.2727272727272727,0.0,0.18181818181818182,0.2727272727272727,9,0.8181818181818182,1,0.8181818181818182,0.008592077761255819,0.24,0.1242960388806279,air capture carbon,2021,1.4484691392777669,0,0 0 0 0 0 0 0 0 0 1 2 12,термины
embrittlement mechanisms,2026,10,13.0,1.3878120510575112,0.0,0.0,1.3285656940998878,0.22314355131421004,0.6923076923076923,2,0,3,0.2775280104064451,3,2.4,6,0.5,0.0,0.5,0.1,3,0.3,2,0.8,0.006162729412694172,0.24,0.12308136470634708,bottom-up,2017,0.5921666209631253,0,0 0 0 0 0 0 0 0 0 1 3 9,термины
nh3 combustion,2026,13,13.5,1.5549415097172756,0.0,0.0,1.4133945656783975,-1.3555227024531364,0.3333333333333333,7,4,4,0.5112893686022427,5,1.7692307692307692,9,0.23076923076923078,0.0,0.38461538461538464,0.0,5,0.38461538461538464,1,0.6153846153846154,0.12492512626390888,0.12,0.12246256313195444,light irradiation,2021,0.7492363493474354,0,0 0 0 0 1 0 0 0 0 2 7 4,термины
mixer,2026,28,28.5,3.2773808940495024,2.0,0.5334601973982481,1.2961182973406464,0.014888612493750175,0.47368421052631576,11,5,7,0.6942091847797794,13,1.7142857142857142,18,0.6071428571428571,0.03571428571428571,0.42857142857142855,0.03571428571428571,15,0.5357142857142857,4,0.8214285714285714,0.12423341336825418,0.12,0.12211670668412708,green hydrogen,2021,3.13777952785126,1,1 0 0 0 0 1 1 0 1 6 9 14,термины
stress concentration,2026,26,18.0,1.9849333408181042,6.0,1.5897962117899602,0.1731792796662481,1.1786549963416462,0.6666666666666666,9,1,9,0.3816647938469402,5,1.1153846153846154,8,0.46153846153846156,0.11538461538461539,0.46153846153846156,0.15384615384615385,7,0.2692307692307692,2,0.8076923076923077,0.12299453930260626,0.12,0.12149726965130313,gas reservoir,2021,0.6926842451854144,0,0 0 1 0 1 4 2 2 2 3 3 12,термины
bipolar membrane,2026,17,16.5,1.9208221936274814,2.0,0.5228758169934641,0.8614891433118966,0.16598513747426114,0.45454545454545453,6,2,5,0.48168606081283666,5,1.588235294117647,10,0.4117647058823529,0.11764705882352941,0.6470588235294118,0.058823529411764705,7,0.4117647058823529,3,0.8823529411764706,0.20128995300313315,0.04,0.12064497650156658,temperature swing,2020,0.9971615084057757,0,0 0 0 0 0 1 0 2 0 4 5 8,термины
direct-air-capture,2026,16,13.0,1.5066412458219913,4.0,0.8588094736102326,0.38985337305569107,0.11332868530700324,0.46153846153846156,6,1,6,0.7873493675869249,11,0.875,5,0.0625,0.0,0.1875,0.375,7,0.4375,1,0.6875,0.041282765547383894,0.2,0.12064138277369195,combustion co2,2020,0.11671465411022325,0,0 0 0 0 0 1 0 1 3 3 4 6,термины
dynamic operation,2026,11,11.0,1.1221092027323472,0.0,0.0,1.176874459962428,0.10536051565782634,0.8181818181818182,10,6,5,0.6423574218189114,6,2.3636363636363638,13,0.18181818181818182,0.0,0.36363636363636365,0.18181818181818182,4,0.36363636363636365,4,0.7272727272727273,0.12065351125211672,0.12,0.12032675562605835,green hydrogen,2021,3.13777952785126,1,0 1 0 0 1 1 0 0 0 0 2 9,термины
nigerian,2026,16,13.5,1.420669847612644,5.0,1.3283583032932282,0.04925554196956704,0.93826963859293,0.7777777777777778,6,0,7,0.6623493675869249,8,1.1875,5,0.0,0.0,0.0625,0.0,7,0.4375,3,0.8125,0.0803586140856459,0.16,0.12017930704282295,corrosion protection,2020,0.9653025152856799,0,0 0 0 0 0 1 2 1 2 1 2 10,термины
niger delta,2026,31,22.0,2.4319720851787276,7.0,1.788920066827794,0.24759514343896485,1.6094379124341003,0.6818181818181818,11,2,10,0.7580333458714483,17,0.7096774193548387,8,0.0,0.0,0.03225806451612903,0.06451612903225806,11,0.3548387096774194,3,0.7096774193548387,0.0796873955024871,0.16,0.11984369775124355,africa,2021,0.8428177383937306,0,1 0 0 2 2 2 2 2 3 4 3 15,термины
water pipelines,2026,16,11.0,1.256380864836979,3.0,0.7948981058949801,0.3048233557608092,-2.0794415416798353,0.2727272727272727,11,5,7,0.8319548827786959,11,1.375,7,0.5,0.0,0.1875,0.0,7,0.4375,3,0.75,0.11810577111888632,0.12,0.11905288555944316,green hydrogen,2021,3.13777952785126,1,3 0 0 0 0 0 1 1 1 1 7 3,термины
brayton,2026,17,12.0,1.3411162330818698,4.0,0.8588094736102326,0.3037631067765253,3.6888794541139367,0.75,7,2,6,0.5444968923166851,6,0.8823529411764706,8,0.11764705882352941,0.0,0.058823529411764705,0.11764705882352941,9,0.5294117647058824,3,0.8823529411764706,0.037607664282738366,0.2,0.11880383214136919,africa,2021,0.8428177383937306,0,0 0 0 0 2 2 0 1 3 3 0 9,термины
distributed optical fiber,2026,28,14.0,1.7256482761715137,8.0,1.9151454880019445,-0.08171129551085271,1.694595720774407,0.42857142857142855,11,1,11,0.3432208609076761,5,1.6071428571428572,3,0.8214285714285714,0.07142857142857142,0.42857142857142855,0.07142857142857142,15,0.5357142857142857,1,0.8571428571428571,0.07668086898116577,0.16,0.11834043449058289,detection gas,2021,0.4016468474024039,0,3 2 0 1 1 1 1 3 4 6 2 6,термины
temperature-dependent,2026,31,35.0,3.83522660357639,2.0,0.5334601973982481,1.4338612949314307,-0.09531017980432499,0.6,10,5,6,0.695734927064601,16,1.3225806451612903,14,0.16129032258064516,0.03225806451612903,0.4838709677419355,0.22580645161290322,11,0.3548387096774194,4,0.7419354838709677,0.11249932512528535,0.12,0.11624966256264267,green hydrogen,2021,3.13777952785126,1,0 1 0 0 0 0 1 0 1 4 10 21,термины
hydrogen-induced cracking,2026,28,22.0,2.4129523100441026,8.0,1.9151454880019445,0.18740757765100807,-0.7308875085427926,0.5454545454545454,10,3,8,0.37067692459296614,8,2.107142857142857,15,0.5357142857142857,0.14285714285714285,0.42857142857142855,0.03571428571428571,12,0.42857142857142855,2,0.7142857142857143,0.10980785453281881,0.12,0.11490392726640941,methane decomposition,2021,1.3616573851336096,0,0 1 0 0 0 1 1 3 4 2 8 12,термины
brazil,2026,55,38.0,4.40430343454078,7.0,1.6537075795052125,0.8229222590690771,0.27721077258448545,0.47368421052631576,11,0,12,0.7470284881581726,28,1.1636363636363636,14,0.12727272727272726,0.18181818181818182,0.3090909090909091,0.14545454545454545,16,0.2909090909090909,4,0.6727272727272727,0.10860411640238724,0.12,0.11430205820119362,repair,2021,0.5242850954163019,0,1 3 3 3 1 5 1 2 4 9 11 18,термины
diagnosis,2026,41,31.5,3.608799335484932,9.0,2.311795883821258,0.3793074695756865,0.5471932679368652,0.5238095238095238,10,1,10,0.6614290113250347,19,1.3414634146341464,16,0.43902439024390244,0.0,0.1951219512195122,0.14634146341463414,19,0.4634146341463415,4,0.8536585365853658,0.06790368962484923,0.16,0.11395184481242462,bayesian,2021,1.0394229695713104,0,0 1 2 0 1 2 2 4 3 7 8 16,термины
lng carrier,2026,57,21.5,2.586867968337627,10.0,2.6978618992357863,-0.03532545561329585,1.8669828904656427,0.4883720930232558,11,0,12,0.4909508568536966,18,1.2105263157894737,23,0.17543859649122806,0.07017543859649122,0.22807017543859648,0.0,23,0.40350877192982454,2,0.6666666666666666,0.1868581673459789,0.04,0.11342908367298946,carbon dioxide capture,2021,1.1542422518122708,0,4 7 5 7 2 4 2 7 1 8 3 10,термины
multi-objective,2026,75,75.5,8.250527583653579,11.0,2.377304565792864,1.1122600525755117,0.6534419209672526,0.6556291390728477,11,4,8,0.6621025689589385,30,1.7733333333333334,37,0.26666666666666666,0.0,0.32,0.13333333333333333,41,0.5466666666666666,4,0.6266666666666667,0.10673497968109713,0.12,0.11336748984054856,green hydrogen,2021,3.13777952785126,1,2 0 0 1 2 0 0 3 8 10 16 50,термины
phase-field,2026,11,13.0,1.3878120510575112,0.0,0.0,1.3285656940998878,0.22314355131421004,0.6923076923076923,6,3,4,0.3167558650668105,3,2.090909090909091,15,0.36363636363636365,0.0,0.36363636363636365,0.18181818181818182,5,0.45454545454545453,2,0.9090909090909091,0.10652289878995479,0.12,0.1132614493949774,geothermal,2021,1.1490221983344777,0,0 0 0 0 0 1 0 0 0 1 3 9,термины
electrocatalytic reduction,2026,22,13.5,1.5204792672424994,9.0,2.311795883821258,-0.3304886394857229,-1.9965538818740685,0.3333333333333333,6,0,7,0.37060256631861743,5,2.0454545454545454,11,0.4090909090909091,0.0,0.4090909090909091,0.045454545454545456,10,0.45454545454545453,3,0.8636363636363636,0.14590722171273665,0.08,0.11295361085636832,co2 storage potential,2021,0.5861789147838956,0,0 0 0 0 0 1 2 4 3 1 8 4,термины
ph-swing,2026,11,10.5,1.242542843416471,2.0,0.398247710075667,0.6626548529859387,0.3184537311185347,0.42857142857142855,3,0,4,0.6846565531077587,6,1.1818181818181819,8,0.18181818181818182,0.0,0.6363636363636364,0.18181818181818182,3,0.2727272727272727,3,0.8181818181818182,0.0653846649961593,0.16,0.11269233249807965,laser,2018,0.9155699251945599,0,0 0 0 0 0 0 0 0 2 3 3 4,термины
building-integrated,2026,9,12.0,1.2377295056575408,0.0,0.0,1.2457265598807679,-0.47000362924573524,0.75,1,0,2,0.15876032857139008,2,1.4444444444444444,5,0.0,0.0,0.0,0.1111111111111111,7,0.7777777777777778,1,0.6666666666666666,0.1837772320053126,0.04,0.1118886160026563,methanol production,2017,1.240469734250357,0,0 0 0 0 0 0 0 0 0 0 3 9,термины
bibliometric,2026,26,23.5,2.8525708166627908,6.0,1.5168977779262776,0.5081668820559978,1.5260563034950496,0.44680851063829785,5,0,6,0.7665576420364263,18,1.6923076923076923,21,0.15384615384615385,0.07692307692307693,0.4230769230769231,0.038461538461538464,13,0.5,4,0.8076923076923077,0.1837191016576018,0.04,0.1118595508288009,ionic,2019,1.037938065955904,0,0 0 0 0 0 0 1 3 2 9 4 10,термины
failure probability,2026,24,12.0,1.3910209428967975,4.0,1.056336014391712,0.19478251465756313,0.5596157879354227,0.5,11,1,11,0.2997157372802824,6,1.4583333333333333,13,0.4583333333333333,0.041666666666666664,0.4166666666666667,0.08333333333333333,12,0.5,2,0.8333333333333334,0.022640973582100495,0.2,0.11132048679105025,bayesian,2021,1.0394229695713104,0,2 3 0 2 2 1 1 2 1 3 3 6,термины
nanotube,2026,36,21.5,2.449018998438522,11.0,3.115681055864668,-0.2038076629176363,-0.10709813555636694,0.4883720930232558,11,2,10,0.7418880458511609,19,2.361111111111111,20,0.16666666666666666,0.027777777777777776,0.4444444444444444,0.027777777777777776,14,0.3888888888888889,3,0.8611111111111112,0.22055269279770795,0.0,0.11027634639885397,methane decomposition,2021,1.3616573851336096,0,2 1 0 1 0 3 5 4 2 4 7 10,термины
microwave plasma,2026,26,27.0,2.841339695225288,5.0,1.182561435565863,0.6860545365995051,0.9707789171582253,0.7777777777777778,6,1,6,0.5715251279536004,8,0.7307692307692307,9,0.07692307692307693,0.038461538461538464,0.15384615384615385,0.0,9,0.34615384615384615,2,0.46153846153846156,0.020516943673936278,0.2,0.11025847183696814,lng production,2021,0.622753762300212,0,0 0 0 0 0 1 0 3 2 2 4 21,термины
learning-driven,2026,9,11.0,1.2064761550220513,0.0,0.0,1.2275776967956256,-0.579818495252942,0.5454545454545454,2,0,3,0.8597933880952318,7,2.4444444444444446,12,0.0,0.0,0.3333333333333333,0.4444444444444444,3,0.3333333333333333,4,0.8888888888888888,0.10039737635168801,0.12,0.110198688175844,spectrometer,2017,1.1940653135862562,0,0 0 0 0 0 0 0 0 0 1 4 6,термины
multi-modal,2026,14,14.0,1.453527644167777,3.0,0.7325840524360817,0.4605239651976315,1.8718021769015913,0.8571428571428571,11,6,6,0.8123931892591475,9,1.5714285714285714,8,0.42857142857142855,0.0,0.2857142857142857,0.07142857142857142,4,0.2857142857142857,3,0.8571428571428571,0.09917837960222392,0.12,0.10958918980111196,green hydrogen,2021,3.13777952785126,1,1 0 0 0 0 0 1 0 2 1 1 12,термины
electroreduction,2026,28,18.0,2.034838050633032,7.0,2.048760661068172,-0.0054774761087204435,-0.20294084399669,0.5,9,2,8,0.3608075437660989,6,2.1785714285714284,17,0.5,0.0,0.5714285714285714,0.0,13,0.4642857142857143,3,0.8214285714285714,0.21888411555113166,0.0,0.10944205777556583,methane decomposition,2021,1.3616573851336096,0,0 0 1 2 3 0 3 4 0 3 6 9,термины
nickel-based,2026,22,15.5,1.805201890702288,3.0,0.5973715651135006,0.7422504266044628,0.5306282510621705,0.4838709677419355,11,4,8,0.7235744801134866,13,1.4545454545454546,13,0.18181818181818182,0.0,0.4090909090909091,0.09090909090909091,6,0.2727272727272727,4,0.9545454545454546,0.09881084240101934,0.12,0.10940542120050967,hydrothermal,2021,0.5221433953540757,0,2 1 2 0 1 0 0 0 3 4 4 8,термины
efficient ammonia,2026,31,24.5,2.6271460026346953,5.0,1.2554598694295456,0.5773899118906614,0.06899287148695188,0.673469387755102,7,0,8,0.3225558862794892,9,2.032258064516129,11,0.5806451612903226,0.0,0.3870967741935484,0.0,14,0.45161290322580644,1,0.8064516129032258,0.13877690653629454,0.08,0.10938845326814728,photocatalytic,2021,0.9812315391409391,0,0 0 0 0 2 5 1 2 2 2 6 16,термины
nanoclusters,2026,17,15.0,1.5346857046181943,3.0,1.0030090270812437,0.30287224526677214,-0.2076393647782444,0.8,9,4,6,0.6904483461382558,8,2.0,12,0.35294117647058826,0.0,0.4117647058823529,0.0,7,0.4117647058823529,3,0.7058823529411765,0.0964713676108111,0.12,0.10823568380540555,light irradiation,2021,0.7492363493474354,0,0 0 1 0 1 1 3 0 0 0 3 12,термины
k2co3,2026,23,13.0,1.5411034882967678,7.0,1.8512341202866924,-0.14144976063363476,0.7827593392496324,0.46153846153846156,11,3,9,0.3760918073179438,6,1.391304347826087,15,0.2608695652173913,0.043478260869565216,0.34782608695652173,0.13043478260869565,13,0.5652173913043478,2,0.6521739130434783,0.2148119481542053,0.0,0.10740597407710264,leak detection gas,2021,0.14297004870691044,0,1 0 0 2 2 0 2 3 2 4 3 6,термины
borane hydrolysis,2026,24,14.5,1.842873025016351,6.0,1.6521102652488588,0.08492908523682458,1.0116009116784799,0.3103448275862069,8,0,9,0.4060452473165335,7,1.7916666666666667,11,0.5833333333333334,0.041666666666666664,0.20833333333333334,0.16666666666666666,17,0.7083333333333334,2,0.7083333333333334,0.1334603173032897,0.08,0.10673015865164484,hydrogen generation,2021,1.0858532142759454,0,0 0 0 1 1 3 2 3 1 7 3 4,термины
multidimensional,2026,22,20.0,2.4039276263825244,3.0,0.8677965397586626,0.7528630947147806,1.163150809805681,0.45,10,4,7,0.8699906931386319,16,1.6363636363636365,12,0.36363636363636365,0.0,0.22727272727272727,0.13636363636363635,11,0.5,4,0.8636363636363636,0.09231283553122754,0.12,0.10615641776561377,hydrothermal,2021,0.5221433953540757,0,0 1 0 0 0 1 2 0 1 7 4 9,термины
investigation influence,2026,11,10.5,1.1581758911267668,0.0,0.0,1.198865317971242,1.85238409104449,0.7142857142857143,8,3,6,0.7372137942564656,7,0.9090909090909091,7,0.0,0.0,0.09090909090909091,0.09090909090909091,5,0.45454545454545453,2,0.9090909090909091,0.05187031240577518,0.16,0.1059351562028876,africa,2021,0.8428177383937306,0,0 0 0 1 1 1 0 0 0 2 1 8,термины
diffusion behavior,2026,19,17.5,1.9330557691283463,3.0,0.7948981058949801,0.6307159761492688,-1.7719568419318756,0.42857142857142855,6,0,7,0.6900092062916069,10,2.0,8,0.7894736842105263,0.10526315789473684,0.7894736842105263,0.0,6,0.3157894736842105,3,0.7894736842105263,0.04574754273294496,0.16,0.10287377136647248,isotope,2021,0.3690799451544873,0,0 0 0 0 0 1 1 1 1 1 9 8,термины
deep-sea,2026,15,11.0,1.2409383974968275,2.0,0.46056176353456557,0.5946612720750327,0.27193371548364187,0.5454545454545454,9,2,8,0.7952335801521477,10,1.7333333333333334,11,0.3333333333333333,0.0,0.3333333333333333,0.0,5,0.3333333333333333,3,0.8666666666666667,0.08573831512068962,0.12,0.10286915756034481,pipeline inspection,2021,0.5311575719828165,0,0 0 1 1 0 2 0 1 1 2 3 6,термины
rate prediction,2026,17,10.0,1.1407605619117855,4.0,0.8588094736102326,0.18855096227556092,-1.8123787564307907,0.3,11,3,9,0.4931519895790564,7,2.2941176470588234,7,0.47058823529411764,0.058823529411764705,0.29411764705882354,0.0,7,0.4117647058823529,3,1.0,0.08446567703962068,0.12,0.10223283851981034,light irradiation,2021,0.7492363493474354,0,1 0 1 0 1 1 0 1 3 1 6 3,термины
bio-based,2026,30,29.0,3.241314205655083,2.0,0.398247710075667,1.426746343898291,-0.4137639109228599,0.5172413793103449,11,4,8,0.7750142387631765,17,1.0333333333333334,15,0.13333333333333333,0.0,0.3333333333333333,0.23333333333333334,8,0.26666666666666666,4,0.7666666666666667,0.08204951918062725,0.12,0.10102475959031362,green hydrogen,2021,3.13777952785126,1,1 1 1 0 1 0 0 0 2 4 10 15,термины
flow conditions,2026,28,22.5,2.599101543838492,2.0,0.5957742508571466,1.0396510531009615,0.07522342123758774,0.4666666666666667,11,2,10,0.9144928136831353,23,1.5714285714285714,17,0.25,0.07142857142857142,0.2857142857142857,0.10714285714285714,9,0.32142857142857145,4,0.8214285714285714,0.2013387918363553,0.0,0.10066939591817765,energy transition,2021,1.5512441791277476,0,1 0 1 1 1 3 1 1 0 5 7 10,термины
core-shell,2026,18,12.5,1.439321206792082,7.0,1.6537075795052125,-0.10485279411490481,-1.0884599172040914,0.36,5,0,6,0.7020392990166392,9,1.7222222222222223,6,0.5555555555555556,0.1111111111111111,0.3888888888888889,0.3333333333333333,7,0.3888888888888889,3,0.7777777777777778,0.03858105435683389,0.16,0.09929052717841695,economic feasibility,2020,2.0314668785194345,1,0 0 0 0 0 0 1 2 4 2 6 4,термины
vintage,2026,19,22.0,2.481876794993655,1.0,0.26143790849673204,1.3650995476428425,0.28256697178501056,0.5454545454545454,4,1,4,0.2070436602386923,4,1.5263157894736843,11,0.0,0.05263157894736842,0.15789473684210525,0.21052631578947367,7,0.3684210526315789,3,0.631578947368421,0.03657984382569491,0.16,0.09828992191284745,fugitive methane emissions,2020,0.4542549235958989,0,0 0 0 0 0 0 0 1 0 4 6 12,термины
high-pressure gaseous,2026,14,13.5,1.5050367999023482,2.0,0.46056176353456557,0.7358994099732628,0.019802627296179987,0.5555555555555556,9,4,6,0.5938034053704264,7,1.4285714285714286,9,0.2857142857142857,0.14285714285714285,0.35714285714285715,0.0,5,0.35714285714285715,1,0.8571428571428571,0.07612873307162973,0.12,0.09806436653581486,hydrothermal,2021,0.5221433953540757,0,0 0 1 0 0 0 0 1 1 2 4 8,термины
external corrosion,2026,44,18.0,2.0693002931078084,10.0,2.646132226181672,-0.20254023134315216,0.32850406697203627,0.5,11,0,12,0.5373379813175176,13,1.3181818181818181,23,0.18181818181818182,0.045454545454545456,0.4090909090909091,0.045454545454545456,17,0.38636363636363635,2,0.7727272727272727,0.19582224374392695,0.0,0.09791112187196348,cold,2021,1.2013372566746228,0,7 2 2 1 3 4 3 4 3 4 5 9,термины
potassium carbonate,2026,19,12.0,1.3910209428967975,2.0,0.5228758169934641,0.6144987760651882,0.5596157879354227,0.5,11,4,8,0.3395792636822195,6,1.6842105263157894,14,0.21052631578947367,0.3684210526315789,0.47368421052631576,0.05263157894736842,8,0.42105263157894735,2,0.8421052631578947,0.11461575860650673,0.08,0.09730787930325337,hydrothermal,2021,0.5221433953540757,0,2 0 1 0 2 2 0 2 0 3 3 6,термины
adversarial,2026,16,15.0,1.75332431901253,2.0,0.46056176353456557,0.8526435962576899,-2.3108838958087405,0.2,4,0,5,0.7560993675869248,10,2.4375,7,0.625,0.125,0.625,0.0625,7,0.4375,2,1.0,0.15363888752858287,0.04,0.09681944376429144,coal-fired,2018,0.5022867497740798,0,0 0 0 0 0 0 0 1 1 2 10 3,термины
force field,2026,22,17.5,2.01742272141805,5.0,1.463570790615809,0.24847100091625662,-2.1664529186694654,0.2571428571428571,7,1,7,0.5130398833059423,9,1.4090909090909092,12,0.09090909090909091,0.0,0.4090909090909091,0.22727272727272727,11,0.5,3,0.6818181818181818,0.07234735455790436,0.12,0.09617367727895218,gas infrastructure,2021,1.6384135704340175,0,0 0 0 0 1 0 3 1 1 2 11 4,термины
structural health monitoring,2026,24,13.5,1.6084235273266767,5.0,1.3283583032932282,0.14252206259920805,2.5455312716044354,0.5555555555555556,11,3,9,0.6114573138508159,9,0.9166666666666666,6,0.16666666666666666,0.041666666666666664,0.125,0.16666666666666666,7,0.2916666666666667,3,0.4583333333333333,0.03231865964726928,0.16,0.09615932982363465,africa,2021,0.8428177383937306,0,5 2 0 0 0 1 2 1 2 5 1 8,термины
artificial neural network,2026,55,32.0,3.6915618418549934,13.0,3.513928765940335,0.04330291528346307,0.056239718322875554,0.46875,11,0,12,0.7140160117230917,26,1.7272727272727273,27,0.12727272727272726,0.10909090909090909,0.4,0.05454545454545454,18,0.32727272727272727,4,0.8909090909090909,0.07159835431996556,0.12,0.09579917715998278,artificial,2021,1.4951522436420652,0,1 1 2 2 4 5 5 4 4 7 10 15,термины
cellular,2026,13,10.5,1.242542843416471,0.0,0.0,1.2484926312367495,0.3184537311185347,0.42857142857142855,8,3,6,1.0000000000000004,13,2.4615384615384617,11,0.3076923076923077,0.07692307692307693,0.38461538461538464,0.07692307692307693,4,0.3076923076923077,3,1.0,0.071080947779179,0.12,0.0955404738895895,hydrothermal,2021,0.5221433953540757,0,0 0 0 1 1 2 0 0 0 3 3 4,термины
pemfc,2026,19,13.0,1.4222742935322872,7.0,1.716021632964111,-0.14220451808385448,1.2039728043259361,0.6923076923076923,11,4,8,0.7180682452281896,10,0.8947368421052632,9,0.2631578947368421,0.0,0.10526315789473684,0.3157894736842105,5,0.2631578947368421,3,0.7894736842105263,0.07079482732106786,0.12,0.09539741366053392,optimisation,2021,1.7142037084557202,0,1 1 0 0 0 0 1 3 3 2 2 9,термины
ferritic,2026,17,16.5,1.9208221936274814,1.0,0.26143790849673204,1.1566538802863493,0.16598513747426114,0.45454545454545453,7,2,6,0.15662685098921494,3,1.6470588235294117,15,0.11764705882352941,0.11764705882352941,0.11764705882352941,0.17647058823529413,8,0.47058823529411764,2,0.7647058823529411,0.03035376285558139,0.16,0.0951768814277907,leak detection gas,2021,0.14297004870691044,0,0 0 0 0 1 1 0 1 0 4 5 8,термины
basaltic,2026,11,10.0,1.04095114228193,4.0,0.9940219609328137,0.030928064610053603,2.9957322735539913,0.9,5,1,5,0.5174055372758225,4,0.5454545454545454,6,0.0,0.09090909090909091,0.18181818181818182,0.5454545454545454,3,0.2727272727272727,2,0.6363636363636364,0.02901998256763544,0.16,0.09450999128381772,direct capture,2021,0.5511217682422717,0,0 0 0 0 0 0 1 1 2 1 0 9,термины
resin,2026,59,46.0,5.486134602976059,9.0,2.249481830362359,0.7780334268736446,1.0678406300013559,0.45652173913043476,11,1,11,0.40090552631752,15,1.5423728813559323,19,0.3728813559322034,0.03389830508474576,0.5254237288135594,0.06779661016949153,19,0.3220338983050847,4,0.6440677966101694,0.1486894512837293,0.04,0.09434472564186465,hydrogen evolution,2021,0.6830102309216453,0,1 0 2 2 4 2 2 3 4 15 10 21,термины
cryo-stabilization,2026,8,12.0,1.1878247958426134,0.0,0.0,1.2165877774146467,2.5649493574615367,1.0,0,0,1,0.2704260414863776,2,0.0,0,0.0,0.0,0.0,0.25,6,0.75,1,0.125,0.02825766275309453,0.16,0.09412883137654726,air capture carbon,2021,1.4484691392777669,0,0 0 0 0 0 0 0 0 0 0 0 12,термины
llc,2026,24,26.5,2.674210236565523,4.0,0.9940219609328137,0.7535870709916824,3.970291913552122,0.9622641509433962,7,1,7,0.6546682043562417,11,0.4583333333333333,4,0.0,0.0,0.08333333333333333,0.041666666666666664,7,0.2916666666666667,4,0.3333333333333333,0.02798760246123454,0.16,0.09399380123061728,gas hydrogen,2020,2.21075787514295,1,0 0 0 0 1 1 1 1 2 1 0 26,термины
plasma-catalytic,2026,13,14.0,1.5723568389322573,1.0,0.3343363423604146,0.9098051988513344,1.491654876777717,0.6428571428571429,7,3,5,0.625824093869865,6,1.9230769230769231,7,0.23076923076923078,0.0,0.15384615384615385,0.23076923076923078,8,0.6153846153846154,2,1.0,0.1868214246627395,0.0,0.09341071233136974,geothermal,2021,1.1490221983344777,0,0 0 0 0 1 0 1 0 0 3 2 9,термины
material flows,2026,15,10.5,1.0892514061772143,5.0,1.3906723567521269,-0.1736694184833046,-0.6325225587435104,0.7142857142857143,9,4,6,0.7140968059357051,8,0.8,7,0.0,0.06666666666666667,0.26666666666666666,0.3333333333333333,4,0.26666666666666666,3,0.6666666666666666,0.06677566048181446,0.12,0.09338783024090723,optimisation,2021,1.7142037084557202,0,0 0 2 0 0 0 2 2 1 0 3 8,термины
india,2026,56,40.5,4.7183065467612275,12.0,2.9197518293395426,0.42260494900993933,-0.38039147055604783,0.4074074074074074,11,0,12,0.7181299215892541,26,1.5,23,0.017857142857142856,0.017857142857142856,0.19642857142857142,0.19642857142857142,21,0.375,4,0.7857142857142857,0.06673423423882333,0.12,0.09336711711941166,machine,2021,2.055059331109434,1,1 2 1 1 1 3 3 2 7 9 15 16,термины
first-principles,2026,29,21.5,2.3991142886235943,8.0,2.3313673303744715,0.02364552204452612,1.0647107369924285,0.627906976744186,10,1,10,0.7027692196512965,14,2.206896551724138,21,0.3793103448275862,0.0,0.5862068965517241,0.034482758620689655,10,0.3448275862068966,4,0.6206896551724138,0.10667455999321844,0.08,0.09333727999660922,hydrogen evolution,2021,0.6830102309216453,0,0 1 0 1 1 1 5 1 2 4 4 14,термины
arctic,2026,30,23.5,2.461620989894574,7.0,1.716021632964111,0.29002321915627255,1.9218125974762528,0.8297872340425532,11,2,10,0.6333443932949994,13,1.3666666666666667,13,0.0,0.0,0.16666666666666666,0.16666666666666666,16,0.5333333333333333,4,0.6666666666666666,0.06629265229493282,0.12,0.0931463261474664,geothermal,2021,1.1490221983344777,0,2 1 0 0 1 2 1 3 3 2 2 20,термины
perovskites,2026,18,11.5,1.2737961940519604,6.0,1.8602211864351224,-0.2856333454002601,1.041453874828161,0.6521739130434783,10,3,8,0.6269583853384622,9,1.8888888888888888,13,0.1111111111111111,0.0,0.3888888888888889,0.05555555555555555,7,0.3888888888888889,3,1.0,0.06544975113894169,0.12,0.09272487556947084,hydrothermal,2021,0.5221433953540757,0,0 1 0 1 0 1 4 2 0 2 2 8,термины
burner,2026,43,28.5,3.1585516992850224,14.0,3.702468240573385,-0.1386046704808896,0.07718963869112971,0.5789473684210527,9,0,10,0.53146358831263,13,2.2325581395348837,25,0.20930232558139536,0.06976744186046512,0.3023255813953488,0.0,11,0.2558139534883721,4,0.5581395348837209,0.14511413097147788,0.04,0.09255706548573894,methanation,2021,1.080794586864195,0,0 0 2 2 1 1 4 6 4 4 8 16,термины
diagnostics,2026,45,35.0,3.83522660357639,8.0,2.2478845161060055,0.4559425331239738,-0.09531017980432499,0.6,10,1,10,0.789926617764491,25,1.3333333333333333,23,0.1111111111111111,0.044444444444444446,0.28888888888888886,0.044444444444444446,12,0.26666666666666666,4,0.8444444444444444,0.14490387423898052,0.04,0.09245193711949026,jet fuel,2021,0.7829423238028309,0,0 1 0 2 3 3 3 4 1 4 10 21,термины
moisture swing direct,2026,9,11.5,1.2737961940519604,0.0,0.0,1.2662691728712017,1.041453874828161,0.6521739130434783,2,0,3,0.3111829864372247,3,1.2222222222222223,5,0.3333333333333333,0.0,0.6666666666666666,0.2222222222222222,7,0.7777777777777778,1,0.8888888888888888,0.02474962731875132,0.16,0.09237481365937567,air capture co2,2019,2.379136840018555,1,0 0 0 0 0 0 0 0 0 2 2 8,термины
mineral carbonation,2026,23,19.5,2.0989491978236545,5.0,1.3906723567521269,0.3181746985288705,0.553885113226438,0.6923076923076923,11,3,9,0.3915628827964317,6,2.0,20,0.043478260869565216,0.043478260869565216,0.391304347826087,0.08695652173913043,6,0.2608695652173913,1,0.8260869565217391,0.06446639955755301,0.12,0.0922331997787765,hydrothermal,2021,0.5221433953540757,0,1 0 1 0 0 1 2 2 1 2 4 14,термины
light-driven,2026,16,13.0,1.5066412458219913,3.0,0.7948981058949801,0.4380302930280812,0.11332868530700324,0.46153846153846156,7,0,8,0.7576597655573917,9,2.9375,11,0.375,0.0,0.4375,0.125,7,0.4375,3,0.875,0.1037446754044468,0.08,0.0918723377022234,porous carbon,2021,0.3779890021944151,0,0 0 0 0 1 1 1 1 1 3 4 6,термины
galvanic,2026,33,16.5,1.886359951152705,6.0,1.5897962117899602,0.132702617057127,-0.3654597734944651,0.45454545454545453,11,0,12,0.6877772108443256,16,1.2121212121212122,20,0.18181818181818182,0.030303030303030304,0.12121212121212122,0.0,9,0.2727272727272727,2,0.9090909090909091,0.14308153677971377,0.04,0.09154076838985689,blends,2021,2.401297728627013,1,2 3 3 3 1 1 2 2 2 3 6 8,термины
packed bed,2026,53,27.0,3.2477319893336567,10.0,2.635547845776888,0.17834694390933206,-0.2959808752664759,0.3333333333333333,11,0,12,0.5015276199726426,15,1.320754716981132,21,0.07547169811320754,0.1320754716981132,0.37735849056603776,0.07547169811320754,31,0.5849056603773585,3,0.5849056603773585,0.022846385807414993,0.16,0.0914231929037075,neural,2021,1.7111611574437064,0,4 5 1 5 2 2 2 6 2 8 10 9,термины
heuristic,2026,16,16.0,1.8035974447826444,2.0,0.46056176353456557,0.8747090027390351,0.4700036292457359,0.5625,6,1,6,0.875,12,1.4375,10,0.3125,0.0,0.5,0.4375,5,0.3125,4,0.8125,0.06082662226588424,0.12,0.09041331113294213,negative emission,2020,1.4799521285740251,0,0 0 0 0 0 1 0 1 1 3 4 9,термины
x42,2026,16,14.0,1.5877993062724087,2.0,0.5957742508571466,0.6446493559005095,-0.8472978603872034,0.42857142857142855,10,4,7,0.3741601905467145,5,1.125,9,0.3125,0.0,0.375,0.0625,7,0.4375,2,0.9375,0.06005453467088066,0.12,0.09002726733544034,light irradiation,2021,0.7492363493474354,0,0 1 0 1 0 0 1 1 0 2 6 6,термины
hydrogen-ammonia,2026,12,13.5,1.6927904796163808,0.0,0.0,1.478322104900803,0.8780695190539574,0.3333333333333333,2,0,3,0.3956236177558854,4,2.6666666666666665,9,1.0,0.0,0.5833333333333334,0.3333333333333333,11,0.9166666666666666,1,0.75,0.019521030175318994,0.16,0.0897605150876595,nitrogen reduction,2020,0.8064711731530917,0,0 0 0 0 0 0 0 0 0 6 3 4,термины
ruthenium,2026,65,34.5,3.921198001785737,14.0,3.577840133655588,0.08084323125304069,-0.3217876849382917,0.4782608695652174,11,0,12,0.41041566258669543,12,1.8461538461538463,23,0.26153846153846155,0.015384615384615385,0.3230769230769231,0.06153846153846154,26,0.4,3,0.7692307692307693,0.13831659534505542,0.04,0.08915829767252771,hydrogen storage,2021,1.46722366973041,0,2 2 3 6 3 6 4 4 6 6 12 16,термины
anisotropic,2026,13,12.0,1.3910209428967975,0.0,0.0,1.330264045212906,0.5596157879354227,0.5,11,6,6,0.7586640142018066,9,1.6923076923076923,12,0.3076923076923077,0.0,0.23076923076923078,0.07692307692307693,4,0.3076923076923077,3,0.9230769230769231,0.05748096235788967,0.12,0.08874048117894484,green hydrogen,2021,3.13777952785126,1,1 0 0 0 1 1 0 0 0 3 3 6,термины
cobalt catalysts,2026,23,13.0,1.5755657307715438,4.0,1.1292344482553947,0.24212351701329293,1.5404450409471486,0.46153846153846156,11,1,11,0.44923194265491095,8,1.9130434782608696,17,0.08695652173913043,0.0,0.2608695652173913,0.0,9,0.391304347826087,3,0.782608695652174,0.09685581645055942,0.08,0.08842790822527971,energy exergy,2021,0.6341087711829003,0,2 2 0 1 1 2 2 1 1 5 2 6,термины
backward,2026,13,12.5,1.3050495446874502,3.0,0.7219996720312976,0.39009944762590293,1.7491998548092589,0.84,6,1,6,0.5499186769561746,6,1.1538461538461537,9,0.07692307692307693,0.0,0.5384615384615384,0.38461538461538464,4,0.3076923076923077,3,0.7692307692307693,0.05668735404768473,0.12,0.08834367702384237,separations,2020,0.37197190975142297,0,0 0 0 0 0 1 0 2 1 1 1 10,термины
oxygen vacancy,2026,16,10.5,1.1736183584669184,7.0,1.716021632964111,-0.2807255667297545,-1.1856236656577392,0.42857142857142855,5,0,6,0.4799341794508706,6,2.5625,8,0.625,0.0,0.5625,0.0625,5,0.3125,3,1.0,0.01666583589722623,0.16,0.08833291794861312,isotopic,2020,0.3598342073147084,0,0 0 0 0 0 0 1 3 3 1 5 4,термины
das-based,2026,11,13.0,1.3878120510575112,1.0,0.1991238550378335,0.9933458770890407,0.22314355131421004,0.6923076923076923,3,0,4,0.8948855177025863,9,2.1818181818181817,6,0.45454545454545453,0.2727272727272727,0.2727272727272727,0.0,4,0.36363636363636365,1,0.8181818181818182,0.05664836640916743,0.12,0.08832418320458371,artificial neural,2019,0.6169945725200505,0,0 0 0 0 0 0 0 0 1 1 3 9,термины
reaxff,2026,12,10.0,1.190665271726713,1.0,0.3343363423604146,0.7062407731039785,-3.9120230054281464,0.0,7,4,4,0.7675475452907252,8,1.0833333333333333,7,0.3333333333333333,0.0,0.25,0.16666666666666666,6,0.5,2,0.8333333333333334,0.05590852377730654,0.12,0.08795426188865327,power-to-gas,2021,0.4536643566477317,0,0 0 0 0 1 0 1 0 0 1 9 0,термины
short-chain,2026,11,10.0,1.125318094571634,1.0,0.3343363423604146,0.6668222168509753,0.8472978603872034,0.6,10,5,6,0.7372137942564656,7,1.7272727272727273,8,0.36363636363636365,0.0,0.36363636363636365,0.0,3,0.2727272727272727,3,0.8181818181818182,0.05404508731642252,0.12,0.08702254365821126,green hydrogen,2021,3.13777952785126,1,0 1 0 0 1 0 1 0 0 2 2 6,термины
honeycomb,2026,11,10.5,1.1736183584669184,1.0,0.1991238550378335,0.8729153278246515,-1.1856236656577392,0.42857142857142855,11,7,5,0.48358609629993254,5,1.0,7,0.36363636363636365,0.0,0.5454545454545454,0.18181818181818182,6,0.5454545454545454,3,0.8181818181818182,0.0938543495686793,0.08,0.08692717478433964,green hydrogen,2021,3.13777952785126,1,1 0 0 0 0 0 0 0 1 1 5 4,термины
beads,2026,20,15.5,1.8396641331770642,3.0,0.9301105932175612,0.492255607041701,1.1592369104845446,0.4838709677419355,10,3,8,0.8611730721041445,14,2.55,18,0.15,0.0,0.45,0.0,5,0.25,4,0.8,0.05368267118136282,0.12,0.08684133559068141,hydrothermal,2021,0.5221433953540757,0,0 2 0 1 1 0 2 1 0 5 3 8,термины
deuterium,2026,11,11.5,1.3427206790015134,0.0,0.0,1.3043902899761928,3.7495040759303713,0.6521739130434783,8,5,4,0.8948855177025863,9,1.1818181818181819,5,0.18181818181818182,0.0,0.36363636363636365,0.2727272727272727,3,0.2727272727272727,3,0.8181818181818182,0.13290093155275434,0.04,0.08645046577637717,hydrothermal,2021,0.5221433953540757,0,0 0 0 1 0 1 0 0 0 4 0 8,термины
room-temperature,2026,13,11.0,1.2908431073117554,0.0,0.0,1.2758336991937442,-1.4069136483226263,0.2727272727272727,10,6,5,0.8180073353228108,9,1.5384615384615385,7,0.15384615384615385,0.0,0.3076923076923077,0.0,5,0.38461538461538464,3,0.8461538461538461,0.052625169513668725,0.12,0.08631258475683436,green hydrogen,2021,3.13777952785126,1,0 1 0 0 2 0 0 0 0 2 6 3,термины
hydrogen-natural,2026,39,35.5,4.190109741950187,8.0,2.174986082242323,0.5615118038865644,-0.30138091680994217,0.38028169014084506,5,0,6,0.6027755244850487,14,1.5128205128205128,19,0.20512820512820512,0.0,0.3333333333333333,0.15384615384615385,20,0.5128205128205128,1,0.7692307692307693,0.05239970698441913,0.12,0.08619985349220956,negative emissions,2021,0.6993531368110476,0,0 0 0 0 0 0 2 5 1 9 13 14,термины
eutectic,2026,35,24.5,3.0525580718776886,8.0,1.790517381084148,0.4388902049670075,0.37907835293496994,0.30612244897959184,9,1,9,0.537131026465787,14,1.6285714285714286,24,0.05714285714285714,0.08571428571428572,0.2571428571428571,0.11428571428571428,25,0.7142857142857143,4,0.8,0.052265379427477575,0.12,0.08613268971373879,hydrogen generation,2021,1.0858532142759454,0,0 0 1 0 2 2 1 1 6 10 7 8,термины
swirl,2026,20,14.0,1.6567237912219612,7.0,1.6537075795052125,0.001399494365934954,0.33647223662121295,0.42857142857142855,6,0,7,0.5366217701262549,9,1.65,15,0.55,0.05,0.5,0.0,11,0.55,4,0.75,0.05135480350099459,0.12,0.08567740175049729,api,2020,0.8197696074996361,0,0 0 0 0 0 1 1 2 4 4 4 6,термины
piezoelectric,2026,16,13.5,1.5394990423771242,3.0,0.659685618572399,0.564555260323244,0.7537718023763802,0.5555555555555556,7,1,7,0.7248493675869249,9,1.5,4,0.75,0.0,0.4375,0.25,6,0.375,3,0.625,0.05075350642969812,0.12,0.08537675321484905,separations,2020,0.37197190975142297,0,0 0 0 0 1 1 0 1 2 3 3 8,термины
open-air,2026,14,19.0,1.9318197391638898,0.0,0.0,1.5817870215072278,3.6375861597263857,0.9473684210526315,10,8,3,0.58229976749359,6,0.07142857142857142,1,0.0,0.0,0.0,0.2857142857142857,5,0.35714285714285715,2,0.42857142857142855,0.050281668272786684,0.12,0.08514083413639334,green hydrogen,2021,3.13777952785126,1,0 1 0 0 0 0 0 0 0 1 0 18,термины
lessons,2026,39,24.0,2.969795565507628,7.0,1.726606013368895,0.443617218379465,1.1169614273363067,0.375,11,1,11,0.7439929938619492,21,1.1538461538461537,16,0.05128205128205128,0.10256410256410256,0.20512820512820512,0.10256410256410256,10,0.2564102564102564,4,0.6923076923076923,0.0888608394558966,0.08,0.08443041972794829,value chain,2021,1.7059236510534643,0,1 0 2 1 3 4 2 1 4 10 5 9,термины
ammonia blends,2026,12,12.0,1.322096457947245,0.0,0.0,1.2931349186919268,-0.9444616088408514,0.5,8,4,5,0.4824524547092749,4,3.3333333333333335,12,0.25,0.08333333333333333,0.5833333333333334,0.0,3,0.25,1,0.8333333333333334,0.048822122284585524,0.12,0.08441106114229276,light irradiation,2021,0.7492363493474354,0,0 0 0 1 1 0 0 0 0 1 5 6,термины
cobalt-based,2026,23,16.0,1.8035974447826444,5.0,1.4012567371569107,0.19195689929601156,0.4700036292457359,0.5625,11,4,8,0.46595064619339266,7,2.1739130434782608,20,0.17391304347826086,0.043478260869565216,0.30434782608695654,0.043478260869565216,6,0.2608695652173913,2,0.9130434782608695,0.04852877705424636,0.12,0.08426438852712317,green hydrogen,2021,3.13777952785126,1,3 0 0 1 0 1 3 0 2 3 4 9,термины
multi-criteria,2026,35,34.0,3.8538779627558277,2.0,0.398247710075667,1.578376335963364,-0.851752210736584,0.4411764705882353,9,3,7,0.7323053519944365,19,1.9142857142857144,30,0.08571428571428572,0.0,0.11428571428571428,0.02857142857142857,16,0.45714285714285713,4,0.9142857142857143,0.04828805871328394,0.12,0.08414402935664198,energy transition,2021,1.5512441791277476,0,0 0 1 0 1 2 0 0 2 5 14 15,термины
multimodal,2026,20,18.0,2.034838050633032,3.0,0.7948981058949801,0.6716977403012538,-0.20294084399669,0.5,9,3,7,0.75988856077088,11,2.1,16,0.4,0.0,0.3,0.2,12,0.6,4,0.9,0.08744724413154212,0.08,0.08372362206577105,geothermal,2021,1.1490221983344777,0,0 0 2 0 0 0 1 1 1 3 6 9,термины
solvent-free,2026,14,10.5,1.1736183584669184,3.0,0.8677965397586626,0.20178688438292863,-1.1856236656577392,0.42857142857142855,11,5,7,0.5964619711684916,6,2.4285714285714284,14,0.21428571428571427,0.07142857142857142,0.2857142857142857,0.07142857142857142,7,0.5,3,1.0,0.047321853924373845,0.12,0.08366092696218692,green hydrogen,2021,3.13777952785126,1,1 0 0 0 1 0 2 0 1 1 5 4,термины
lime,2026,22,13.0,1.5411034882967678,7.0,1.6431231991004287,-0.04877361667567314,0.7827593392496324,0.46153846153846156,8,1,8,0.5885683583540835,9,0.9545454545454546,15,0.0,0.0,0.36363636363636365,0.13636363636363635,8,0.36363636363636365,3,0.8636363636363636,0.006971121555076072,0.16,0.08348556077753803,bayesian,2021,1.0394229695713104,0,0 0 0 1 2 1 0 4 3 4 3 6,термины
single atom,2026,22,14.0,1.8100152284612179,6.0,1.7250086991125413,0.03749329159536372,0.24686007793152576,0.21428571428571427,7,0,8,0.5798559458420876,9,2.9545454545454546,12,0.5454545454545454,0.0,0.6363636363636364,0.045454545454545456,10,0.45454545454545453,3,0.6818181818181818,0.006289877533913228,0.16,0.08314493876695661,isotopic,2021,0.3678953732725294,0,0 0 0 0 2 1 3 2 1 7 4 3,термины
alternative marine,2026,18,13.0,1.3533498085827347,4.0,0.9211235270691311,0.2655469340654569,-0.9162907318741547,0.6923076923076923,9,3,7,0.14733345220219934,3,2.2777777777777777,19,0.2222222222222222,0.0,0.16666666666666666,0.0,9,0.5,2,0.9444444444444444,0.046165368641993304,0.12,0.08308268432099665,pipeline leak detection,2021,1.4511582400191716,0,0 0 2 0 1 1 0 2 2 0 4 9,термины
soda,2026,14,10.0,1.294051999151042,2.0,0.398247710075667,0.6917861505597065,-2.2823823856765264,0.0,8,4,5,0.6696311512297877,7,1.3571428571428572,10,0.0,0.07142857142857142,0.07142857142857142,0.0,8,0.5714285714285714,3,0.7857142857142857,0.04595618448538211,0.12,0.08297809224269105,hydrolysis ammonia borane,2021,0.39600164539399635,0,0 0 0 1 0 1 0 0 2 4 6 0,термины
sulfate-reducing bacteria,2026,28,17.5,2.036442496552675,6.0,1.5274821583310618,0.2239678002444142,-0.14231622218025541,0.42857142857142855,10,1,10,0.36506879530533903,8,1.2142857142857142,8,0.6785714285714286,0.17857142857142858,0.7142857142857143,0.0,14,0.5,3,0.7857142857142857,0.08573185975965399,0.08,0.082865929879827,concentration co2,2021,0.4131587612882983,0,0 1 1 3 2 0 2 1 3 4 6 8,термины
pulp,2026,22,14.0,1.7256482761715137,5.0,1.4529864102110253,0.13068853980514566,1.694595720774407,0.42857142857142855,11,4,8,0.7961419779840221,14,1.6363636363636365,17,0.045454545454545456,0.0,0.2727272727272727,0.045454545454545456,8,0.36363636363636365,3,0.9090909090909091,0.045014530593105846,0.12,0.08250726529655292,hydrothermal,2021,0.5221433953540757,0,3 1 0 1 0 0 2 3 0 6 2 6,термины
ash,2026,63,43.0,4.982404949166749,15.0,3.828693661747536,0.2362780622774729,-0.41940261595194617,0.4186046511627907,9,1,9,0.5812878701327607,22,1.253968253968254,25,0.06349206349206349,0.0,0.1111111111111111,0.06349206349206349,17,0.2698412698412698,4,0.6349206349206349,0.08487966766018595,0.08,0.08243983383009298,energy storage,2021,1.0416030938623486,0,0 0 1 0 5 5 3 7 5 9 16 18,термины
cracker,2026,27,28.0,2.9569599981504813,4.0,1.0669203947964963,0.7912774285512972,0.6061358035703159,0.75,11,5,7,0.6353955464275143,13,0.9259259259259259,12,0.0,0.0,0.1111111111111111,0.07407407407407407,13,0.48148148148148145,3,0.5185185185185185,0.04425418195796102,0.12,0.08212709097898051,green hydrogen,2021,3.13777952785126,1,1 0 0 0 1 0 2 0 2 2 5 21,термины
kerogen,2026,26,13.0,1.5411034882967678,7.0,1.788920066827794,-0.11458953255190306,0.7827593392496324,0.46153846153846156,9,0,10,0.39869072234277286,8,1.4230769230769231,12,0.5384615384615384,0.11538461538461539,0.6153846153846154,0.038461538461538464,7,0.2692307692307692,3,0.8076923076923077,0.08315594253977307,0.08,0.08157797126988653,co2 geological,2021,1.1145851037479804,0,0 0 2 2 1 3 2 2 3 4 3 6,термины
reliquefaction,2026,29,10.5,1.242542843416471,7.0,1.986446607609273,-0.355509175355301,0.3184537311185347,0.42857142857142855,11,1,11,0.2189241315393194,6,1.3448275862068966,13,0.2413793103448276,0.034482758620689655,0.3103448275862069,0.0,19,0.6551724137931034,2,0.8275862068965517,0.0028181969317414555,0.16,0.08140909846587073,borane,2021,0.6637183794911435,0,2 1 0 1 2 7 3 3 1 3 3 4,термины
heat loss,2026,15,17.5,1.9366330769228197,2.0,0.46056176353456557,0.9308541951951228,4.283586561860629,0.7714285714285715,4,1,4,0.6587226335869127,7,1.4,8,0.3333333333333333,0.0,0.4666666666666667,0.13333333333333333,5,0.3333333333333333,2,1.0,0.04244790702176635,0.12,0.08122395351088317,prototype,2020,0.6468367149616312,0,0 0 0 0 0 0 0 1 1 4 0 14,термины
republic,2026,22,10.5,1.242542843416471,11.0,2.918154515083188,-0.6737553392801312,0.3184537311185347,0.42857142857142855,7,0,8,0.8699906931386319,16,1.6363636363636365,20,0.0,0.0,0.09090909090909091,0.0,7,0.3181818181818182,4,1.0,0.041338461868766,0.12,0.080669230934383,impressed current,2021,0.37443612275902916,0,0 0 0 0 1 1 4 3 4 3 3 4,термины
experimental validation,2026,35,35.5,3.971471127555852,3.0,0.659685618572399,1.349568515876203,1.3446216647193228,0.6338028169014085,10,4,7,0.8621088955853569,24,1.7428571428571429,17,0.45714285714285713,0.08571428571428572,0.34285714285714286,0.17142857142857143,11,0.3142857142857143,4,0.8,0.04000832382059118,0.12,0.08000416191029558,hydrothermal,2021,0.5221433953540757,0,0 2 2 0 0 0 0 1 2 7 6 22,термины
wavelet,2026,31,19.0,2.1504583535582253,6.0,1.4439993440625951,0.30998522002669837,-0.470003629245735,0.47368421052631576,11,3,9,0.7143229683507594,15,1.7741935483870968,17,0.6451612903225806,0.03225806451612903,0.3548387096774194,0.06451612903225806,10,0.3225806451612903,3,0.9032258064516129,0.03980106044462174,0.12,0.07990053022231086,pipeline inspection,2021,0.5311575719828165,0,1 0 0 2 4 2 0 4 2 3 7 9,термины
techno-economic evaluation,2026,43,26.5,3.2493364352532996,9.0,2.311795883821258,0.28775548995756295,-0.35313928910642467,0.2830188679245283,11,1,11,0.6364596429321229,16,1.4651162790697674,23,0.16279069767441862,0.046511627906976744,0.37209302325581395,0.23255813953488372,34,0.7906976744186046,3,0.5813953488372093,0.037417582079408256,0.12,0.07870879103970413,bayesian,2021,1.0394229695713104,0,4 2 1 2 0 1 2 4 3 9 10 8,термины
manifold,2026,22,12.5,1.439321206792082,7.0,1.705437252559327,-0.1285877712781751,-1.0884599172040914,0.36,11,3,9,0.8612782806266357,17,1.3181818181818181,14,0.2727272727272727,0.18181818181818182,0.18181818181818182,0.045454545454545456,8,0.36363636363636365,4,0.8636363636363636,0.03732487394225677,0.12,0.07866243697112837,reconstruction,2021,1.1873881200632386,0,1 1 0 1 0 1 0 5 2 2 6 4,термины
navigation,2026,17,10.5,1.1736183584669184,4.0,0.9834375805280295,0.12062588022730741,-1.1856236656577392,0.42857142857142855,11,3,9,0.9136527498406263,14,0.8235294117647058,6,0.29411764705882354,0.0,0.11764705882352941,0.11764705882352941,5,0.29411764705882354,4,0.9411764705882353,0.07591415300434658,0.08,0.07795707650217329,rankine,2021,1.257693128133767,0,1 0 1 1 0 1 0 3 1 1 5 4,термины
open-source,2026,44,33.5,3.652286261621287,13.0,3.0353928701089097,0.16083465856065093,-0.5630940523117476,0.582089552238806,10,3,8,0.7026583494957933,19,0.7727272727272727,16,0.045454545454545456,0.0,0.22727272727272727,0.22727272727272727,15,0.3409090909090909,4,0.5227272727272727,0.03589297575431484,0.12,0.07794648787715741,rankine,2021,1.257693128133767,0,0 2 0 0 0 2 1 5 7 3 11 20,термины
mil-101,2026,20,12.5,1.3894164969771543,6.0,1.319371237144798,0.03777708234345546,0.4660897299245994,0.6,11,5,7,0.3091583721521019,4,1.0,11,0.1,0.05,0.6,0.1,12,0.6,2,0.85,0.07558060500672856,0.08,0.07779030250336427,green hydrogen,2021,3.13777952785126,1,1 3 0 0 0 0 0 2 4 2 3 8,термины
qatar,2026,30,12.5,1.3703967218425293,13.0,3.2952334643492875,-0.7075953688043558,-2.689701062434014,0.36,11,3,9,0.8157732481812777,19,1.1,12,0.03333333333333333,0.1,0.5666666666666667,0.06666666666666667,8,0.26666666666666666,4,0.7333333333333333,0.034813878244584755,0.12,0.07740693912229238,rankine,2021,1.257693128133767,0,2 1 0 0 1 2 2 7 4 0 8 4,термины
state nigeria,2026,13,15.0,1.4847809948032664,2.0,0.46056176353456557,0.7257455732955771,2.772588722239781,1.0,8,5,4,0.6673991945509911,6,0.46153846153846156,1,0.0,0.0,0.0,0.0,4,0.3076923076923077,2,0.46153846153846156,0.03353799250494145,0.12,0.07676899625247072,green hydrogen,2021,3.13777952785126,1,0 0 0 1 0 0 0 1 1 0 0 15,термины
ukraine,2026,38,24.0,2.831946595608523,14.0,3.307415159010425,-0.13339382649390955,-0.35667494393873267,0.375,9,2,8,0.7623920266676169,20,1.131578947368421,19,0.02631578947368421,0.0,0.05263157894736842,0.02631578947368421,10,0.2631578947368421,4,0.7631578947368421,0.03295636444474691,0.12,0.07647818222237346,pipeline inspection,2021,0.5311575719828165,0,0 0 1 0 0 2 2 4 8 6 9 9,термины
non-equilibrium,2026,20,15.5,1.8206443580424392,4.0,0.9317079074739153,0.48297681514602514,-1.3034067013141233,0.2903225806451613,11,5,7,0.773137821315976,12,2.2,18,0.45,0.05,0.55,0.1,10,0.5,4,0.85,0.03276439881431555,0.12,0.07638219940715778,green hydrogen,2021,3.13777952785126,1,1 0 1 0 0 0 1 0 3 3 8 4,термины
mud,2026,23,16.0,1.819039912122796,5.0,1.1931458159706472,0.3145650408546957,-1.349926716949016,0.375,11,3,9,0.8042661361879605,15,1.391304347826087,13,0.34782608695652173,0.0,0.30434782608695654,0.08695652173913043,8,0.34782608695652173,3,0.9130434782608695,0.031889445452955044,0.12,0.07594472272647752,rankine,2021,1.257693128133767,0,1 0 1 2 0 0 1 1 3 2 8 6,термины
austenitic,2026,10,11.0,1.2409383974968275,0.0,0.0,1.2475714573178232,0.27193371548364187,0.5454545454545454,9,6,4,0.7591760034688149,7,1.9,9,0.3,0.0,0.2,0.0,3,0.3,3,0.9,0.03116526120465048,0.12,0.07558263060232524,green hydrogen,2021,3.13777952785126,1,0 0 1 0 0 0 0 0 0 2 3 6,термины
crystallization,2026,46,21.5,2.686677387967482,8.0,2.2584688965107893,0.14430302465584566,-0.703197516413447,0.20930232558139536,10,0,11,0.5601906973147531,18,1.4782608695652173,18,0.13043478260869565,0.043478260869565216,0.6086956521739131,0.1956521739130435,12,0.2608695652173913,3,0.6739130434782609,0.030755728098910955,0.12,0.07537786404945547,gas storage,2021,0.7830992617222469,0,0 3 2 2 5 6 4 2 2 8 9 4,термины
explosion,2026,96,72.0,8.43049260967049,14.0,3.3179995394152098,0.8497449521554475,0.4330479227233064,0.4583333333333333,11,0,12,0.6151599516913712,40,1.4375,24,0.4270833333333333,0.041666666666666664,0.3020833333333333,0.03125,26,0.2708333333333333,4,0.75,0.06978172147425472,0.08,0.07489086073712736,machine,2021,2.055059331109434,1,3 2 5 5 4 2 3 2 9 19 20 33,термины
graphene oxide,2026,23,11.0,1.3752100596014591,7.0,1.9241325541503749,-0.2567530658326577,-3.0081547935525483,0.0,10,4,7,0.6971434831913761,10,2.1739130434782608,17,0.34782608695652173,0.0,0.21739130434782608,0.0,8,0.34782608695652173,4,0.9130434782608695,0.029655133391952228,0.12,0.07482756669597611,light irradiation,2021,0.7492363493474354,0,0 1 0 4 0 0 3 2 2 3 8 0,термины
feature selection,2026,12,11.0,1.2409383974968275,2.0,0.46056176353456557,0.5946612720750327,0.27193371548364187,0.5454545454545454,9,4,6,0.5731120392262111,5,1.5,4,0.5833333333333334,0.0,0.4166666666666667,0.08333333333333333,3,0.25,3,1.0,0.028747997056466884,0.12,0.07437399852823344,light irradiation,2021,0.7492363493474354,0,0 0 1 0 0 0 0 1 1 2 3 6,термины
cost drivers,2026,20,18.5,1.964309119763836,4.0,1.202132882119077,0.3700293910480571,-1.9521021193032349,0.5675675675675675,11,7,5,0.6024398460347836,7,1.35,13,0.05,0.0,0.45,0.25,7,0.35,3,0.85,0.027430726071249186,0.12,0.07371536303562459,green hydrogen,2021,3.13777952785126,1,1 0 0 0 0 0 3 0 1 0 8 10,термины
south korea,2026,24,19.0,2.3191922581376336,2.0,0.5334601973982481,1.0035378236727572,-1.791759469228055,0.15789473684210525,11,4,8,0.6116920626715427,11,1.375,11,0.041666666666666664,0.041666666666666664,0.20833333333333334,0.041666666666666664,7,0.2916666666666667,3,0.7916666666666666,0.02739897321567943,0.12,0.07369948660783972,light irradiation,2021,0.7492363493474354,0,2 0 0 0 1 1 1 0 1 5 11 3,термины
intercontinental,2026,13,11.0,1.3942298347360842,3.0,0.7219996720312976,0.43832374389665774,0.4054651081081644,0.2727272727272727,4,0,5,0.7607399726889995,8,1.4615384615384615,5,0.0,0.07692307692307693,0.23076923076923078,0.15384615384615385,8,0.6153846153846154,3,1.0,0.027164194875998634,0.12,0.07358209743799932,mobile,2018,0.5405538411428427,0,0 0 0 0 0 0 0 2 1 5 3 3,термины
multi-domain,2026,10,13.0,1.303445098767807,0.0,0.0,1.2828459599652902,1.1786549963416462,0.9230769230769231,6,4,3,0.7364516253185087,6,1.3,5,0.7,0.0,0.1,0.3,7,0.7,2,0.9,0.026985712474687923,0.12,0.07349285623734396,direct capture,2021,0.5511217682422717,0,0 0 0 0 0 1 0 0 0 0 1 12,термины
thermocatalytic,2026,40,30.5,3.50862149989989,14.0,3.7753666744370675,-0.0644224539021425,-0.34975450109415873,0.4426229508196721,5,0,6,0.5271586493444138,14,2.15,24,0.325,0.025,0.375,0.05,16,0.4,3,0.8,0.10589343051546629,0.04,0.07294671525773315,nanoparticles,2020,0.6196037226803742,0,0 0 0 0 0 0 5 5 4 6 11 14,термины
technology focus,2026,24,13.0,1.4721790033472149,8.0,2.1855704626471066,-0.3087541436553256,-0.5389965007326869,0.46153846153846156,11,1,11,0.760407637172119,14,0.8333333333333334,9,0.041666666666666664,0.25,0.25,0.0,20,0.8333333333333334,4,0.20833333333333334,0.025720250461321897,0.12,0.07286012523066095,leakage detection,2021,1.8666565126026164,0,1 0 1 1 1 1 3 3 2 2 5 6,термины
green fuels,2026,15,12.0,1.3565587004220214,5.0,1.2554598694295456,0.05599375654373212,-0.17435338714477755,0.5,5,0,6,0.5622864470407508,6,2.3333333333333335,16,0.06666666666666667,0.06666666666666667,0.26666666666666666,0.13333333333333333,5,0.3333333333333333,2,0.9333333333333333,0.06517159351400342,0.08,0.07258579675700172,north,2019,1.0022975203220115,0,0 0 0 0 0 0 1 2 2 2 4 6,термины
ccus value,2026,11,10.0,1.3285142416258182,1.0,0.26143790849673204,0.8760503956570126,-1.791759469228055,0.0,4,2,3,0.38982932593523667,3,2.090909090909091,13,0.18181818181818182,0.0,0.6363636363636364,0.36363636363636365,9,0.8181818181818182,1,0.5454545454545454,0.06485377941080846,0.08,0.07242688970540423,combustion co2,2020,0.11671465411022325,0,0 0 0 0 0 0 0 1 0 5 5 0,термины
directional,2026,20,17.5,2.036442496552675,1.0,0.26143790849673204,1.2033091557630926,-0.14231622218025541,0.42857142857142855,10,4,7,0.9305865360520722,17,2.0,11,0.4,0.0,0.35,0.2,5,0.25,4,0.95,0.024473350339318134,0.12,0.07223667516965906,green hydrogen,2021,3.13777952785126,1,0 1 0 2 1 0 0 1 0 4 6 8,термины
large eddy,2026,16,11.5,1.373605613681816,5.0,1.3906723567521269,-0.00906780006521473,-2.379546134130174,0.13043478260869565,5,0,6,0.7694548827786959,10,3.0625,10,0.3125,0.1875,0.625,0.125,6,0.375,3,0.875,0.10365179364402509,0.04,0.07182589682201254,classification,2020,2.0607097022873666,1,0 0 0 0 0 0 2 2 1 2 8 2,термины
aems,2026,22,30.5,3.0867867384513694,0.0,0.0,1.9704039233285158,2.691243082785829,0.9344262295081968,9,6,4,0.5845894623162633,8,0.36363636363636365,6,0.045454545454545456,0.0,0.09090909090909091,0.0,7,0.3181818181818182,3,0.22727272727272727,0.0232756017731766,0.12,0.0716378008865883,green hydrogen,2021,3.13777952785126,1,0 0 1 0 0 0 0 0 0 1 1 28,термины
lightweight,2026,44,46.0,5.126069710888145,4.0,0.9211235270691311,1.3759633258223927,-0.5016407141889185,0.5217391304347826,9,3,7,0.8605009003221148,31,1.6363636363636365,18,0.5,0.045454545454545456,0.4090909090909091,0.13636363636363635,11,0.25,4,0.7727272727272727,0.02218518237644597,0.12,0.07109259118822298,geothermal,2021,1.1490221983344777,0,0 0 1 1 0 0 0 2 2 6 16 24,термины
louisiana,2026,19,14.0,1.5877993062724087,3.0,0.659685618572399,0.5879615978011029,-0.8472978603872034,0.42857142857142855,11,4,8,0.5201492117021751,6,1.263157894736842,3,0.0,0.0,0.21052631578947367,0.21052631578947367,5,0.2631578947368421,2,0.5263157894736842,0.021518532741935256,0.12,0.07075926637096763,light irradiation,2021,0.7492363493474354,0,1 0 0 0 2 1 0 1 2 2 6 6,термины
low-alloy,2026,19,17.5,1.917613301788195,1.0,0.1991238550378335,1.2407081781335836,-0.042559614418795855,0.6,11,4,8,0.1481308760247496,2,1.736842105263158,10,0.2631578947368421,0.05263157894736842,0.42105263157894735,0.0,6,0.3157894736842105,2,0.8947368421052632,0.021259811606083853,0.12,0.07062990580304193,light irradiation,2021,0.7492363493474354,0,1 0 0 1 1 1 0 0 1 2 5 10,термины
cogeneration,2026,37,21.5,2.533385950728226,7.0,1.8618185006914763,0.250247597642307,-0.6733445532637661,0.3488372093023256,10,0,11,0.7062035967529253,16,1.4054054054054055,17,0.13513513513513514,0.0,0.24324324324324326,0.08108108108108109,11,0.2972972972972973,3,0.8108108108108109,0.06110490293909765,0.08,0.07055245146954883,installations,2021,0.5295581761110315,0,0 4 2 1 1 3 3 1 3 5 9 8,термины
welded joint,2026,18,16.0,1.922426639547125,1.0,0.26143790849673204,1.1573164297582434,0.15415067982725827,0.375,10,5,6,0.4508390314158793,6,1.9444444444444444,8,0.5,0.1111111111111111,0.4444444444444444,0.0,8,0.4444444444444444,2,0.8888888888888888,0.020982549150827756,0.12,0.07049127457541388,green hydrogen,2021,3.13777952785126,1,0 2 0 0 0 1 0 1 0 5 5 6,термины
carbon-capture,2026,15,10.0,1.1407605619117855,3.0,0.7219996720312976,0.2946712992346859,-1.8123787564307907,0.3,11,4,8,0.9317445267173826,13,0.8666666666666667,6,0.0,0.06666666666666667,0.13333333333333333,0.0,5,0.3333333333333333,4,0.7333333333333333,0.020789054153273152,0.12,0.07039452707663657,light irradiation,2021,0.7492363493474354,0,1 1 0 0 0 1 0 2 1 1 6 3,термины
swarm,2026,32,29.0,3.310238690604636,4.0,1.056336014391712,0.8953574856335401,0.32404971662265525,0.5172413793103449,11,3,9,0.8180036532577264,20,1.75,19,0.46875,0.0625,0.4375,0.09375,10,0.3125,4,0.84375,0.020346537713916667,0.12,0.07017326885695833,hydrothermal,2021,0.5221433953540757,0,2 1 1 0 0 0 1 2 1 6 8 15,термины
portfolios,2026,18,12.0,1.4409256527117253,4.0,0.9940219609328137,0.26169321383077965,-1.1192315758708455,0.25,11,3,9,0.5867291778106228,8,1.5,12,0.0,0.05555555555555555,0.1111111111111111,0.16666666666666666,5,0.2777777777777778,3,0.7777777777777778,0.019145435665944188,0.12,0.06957271783297209,boron,2021,0.29633074818068783,0,1 0 1 0 1 0 1 1 2 3 6 3,термины
brazilian,2026,22,12.5,1.439321206792082,4.0,0.9211235270691311,0.31089024342964217,-1.0884599172040914,0.36,11,3,9,0.931148099743425,19,1.1818181818181819,9,0.13636363636363635,0.18181818181818182,0.3181818181818182,0.0,6,0.2727272727272727,4,0.8181818181818182,0.05849598474102275,0.08,0.06924799237051138,reconstruction,2021,1.1873881200632386,0,1 2 2 2 0 0 0 2 2 2 6 4,термины
marine fuels,2026,43,30.5,3.439697014950337,8.0,1.9880439218656274,0.4596069923900253,-0.9945280973698878,0.4426229508196721,10,1,10,0.2714162410399988,8,1.627906976744186,24,0.11627906976744186,0.0,0.16279069767441862,0.023255813953488372,17,0.3953488372093023,2,0.813953488372093,0.01816483003464506,0.12,0.06908241501732253,wood,2021,0.615418887476076,0,0 1 2 0 2 4 2 2 4 4 13 14,термины
ammonia-to-hydrogen,2026,13,15.0,1.619052656907898,0.0,0.0,1.4441163094231009,-0.5877866649021187,0.6,7,4,4,0.10572893856673768,2,1.3076923076923077,5,0.3076923076923077,0.0,0.15384615384615385,0.23076923076923078,8,0.6153846153846154,1,0.6153846153846154,0.017997520280504144,0.12,0.06899876014025207,hydrolysis ammonia,2021,0.39600164539399635,0,0 0 0 0 1 0 0 0 0 1 5 9,термины
continental,2026,46,23.0,2.547592388103921,12.0,3.3771189643614004,-0.24074044491656726,1.1631508098056809,0.6521739130434783,11,0,12,0.6030188785055403,16,2.0434782608695654,20,0.06521739130434782,0.06521739130434782,0.34782608695652173,0.2391304347826087,12,0.2608695652173913,3,0.6304347826086957,0.05710683260061161,0.08,0.06855341630030581,continental,2021,0.5087133222642546,0,1 3 3 2 5 2 5 5 2 4 4 15,термины
covalent organic,2026,35,30.5,3.3398875953204823,8.0,2.1644017018375385,0.36546356383056033,0.47097971521879134,0.639344262295082,11,4,8,0.5376144016538225,13,2.1142857142857143,20,0.34285714285714286,0.08571428571428572,0.4,0.14285714285714285,18,0.5142857142857142,3,0.7714285714285715,0.057010627727109936,0.08,0.06850531386355496,green hydrogen,2021,3.13777952785126,1,1 1 0 0 0 1 1 7 0 4 7 20,термины
decision making,2026,25,17.5,2.0709047390274513,5.0,1.3906723567521269,0.30732536536534527,0.3483066942682158,0.42857142857142855,11,3,9,0.7974978204011316,15,1.76,15,0.08,0.04,0.32,0.0,8,0.32,4,0.88,0.016496816394923404,0.12,0.0682484081974617,pipeline inspection,2021,0.5311575719828165,0,3 0 0 1 1 0 2 2 1 5 5 8,термины
intensification,2026,69,42.5,4.949547152611616,15.0,3.839278042152319,0.22782452941878562,-0.6159575418688146,0.38823529411764707,11,0,12,0.6813990764626565,29,1.391304347826087,34,0.15942028985507245,0.028985507246376812,0.2753623188405797,0.057971014492753624,23,0.3333333333333333,4,0.6666666666666666,0.056397747051220116,0.08,0.06819887352561006,methanation,2021,1.080794586864195,0,1 3 2 2 4 5 4 5 6 9 17 16,термины
carbon-negative,2026,61,58.0,6.413703926360614,13.0,3.0459772505136935,0.6676917261486693,-0.8910910783178398,0.5172413793103449,5,0,6,0.5866673295902866,22,1.721311475409836,29,0.14754098360655737,0.0,0.32786885245901637,0.08196721311475409,17,0.2786885245901639,3,0.6065573770491803,0.05565786280490477,0.08,0.06782893140245239,hydrogen storage,2021,1.46722366973041,0,0 0 0 0 0 0 2 3 8 6 22 30,термины
girth welds,2026,11,10.0,1.2441472893361143,0.0,0.0,1.2494129573751802,0.2231435513142097,0.3,10,6,5,0.7372137942564656,7,1.0,8,0.09090909090909091,0.09090909090909091,0.18181818181818182,0.09090909090909091,5,0.45454545454545453,2,0.9090909090909091,0.015096984787635447,0.12,0.06754849239381772,green hydrogen,2021,3.13777952785126,1,0 1 0 0 0 1 0 0 0 4 3 3,термины
tunnel,2026,24,22.5,2.668026028788045,3.0,0.9301105932175612,0.7953569108804974,0.9382696385929301,0.4666666666666667,9,3,7,0.760407637172119,14,1.875,10,0.6666666666666666,0.041666666666666664,0.4583333333333333,0.0,8,0.3333333333333333,4,0.8333333333333334,0.05490816284648802,0.08,0.06745408142324401,hydrothermal,2021,0.5221433953540757,0,0 0 1 0 0 1 2 1 0 7 5 10,термины
source rocks,2026,14,10.5,1.0892514061772143,3.0,0.7219996720312976,0.26277449927699514,-0.6325225587435104,0.7142857142857143,9,3,7,0.2860857737565306,4,1.4285714285714286,7,0.35714285714285715,0.14285714285714285,0.5,0.14285714285714285,6,0.42857142857142855,3,0.9285714285714286,0.01468594924809076,0.12,0.06734297462404537,amino acids,2020,0.5104790537201802,0,0 0 1 1 0 1 0 2 1 0 3 8,термины
zif-8,2026,15,10.5,1.2579853107566223,1.0,0.1991238550378335,0.922095807121101,-2.1439800628174064,0.14285714285714285,11,4,8,0.6312559404875274,7,2.0,14,0.26666666666666666,0.06666666666666667,0.26666666666666666,0.06666666666666667,7,0.4666666666666667,3,1.0,0.014429379767190283,0.12,0.06721468988359514,green hydrogen,2021,3.13777952785126,1,1 1 0 0 1 1 0 0 1 2 7 2,термины
flng,2026,78,27.5,3.3649567381784933,13.0,3.5762428193992335,-0.05322519779962158,-0.527162043085684,0.2727272727272727,11,0,12,0.6436061323436685,27,0.9871794871794872,23,0.2692307692307692,0.1282051282051282,0.2564102564102564,0.05128205128205128,40,0.5128205128205128,1,0.5641025641025641,0.05428594655772971,0.08,0.06714297327886486,bubble,2021,0.5615096479029434,0,8 9 11 8 3 1 5 5 3 9 11 8,термины
box,2026,22,14.0,1.5877993062724087,3.0,0.8677965397586626,0.422909467822539,-0.8472978603872034,0.42857142857142855,11,4,8,0.9592283955968041,20,2.0,13,0.3181818181818182,0.0,0.5,0.13636363636363635,6,0.2727272727272727,4,0.9090909090909091,0.012901208615049283,0.12,0.06645060430752464,light irradiation,2021,0.7492363493474354,0,2 0 0 0 1 4 2 0 1 2 6 6,термины
leakage risk,2026,22,18.0,2.0693002931078084,3.0,0.8677965397586626,0.630432522454035,0.32850406697203627,0.5,11,4,8,0.5721614521903062,9,1.6363636363636365,13,0.4090909090909091,0.18181818181818182,0.45454545454545453,0.13636363636363635,6,0.2727272727272727,3,0.9090909090909091,0.012824801967551478,0.12,0.06641240098377574,hydrothermal,2021,0.5221433953540757,0,2 0 0 1 0 1 2 0 1 4 5 9,термины
packed-bed,2026,25,20.5,2.130202548459144,4.0,0.9211235270691311,0.615613082834977,0.7827593392496327,0.8048780487804879,10,2,9,0.6252271971717746,10,1.16,15,0.04,0.04,0.36,0.12,7,0.28,3,0.88,0.012528244726067806,0.12,0.0662641223630339,geothermal,2021,1.1490221983344777,0,0 2 0 1 2 1 0 2 2 1 3 16,термины
burning velocity,2026,21,16.0,1.922426639547125,4.0,1.1292344482553947,0.3966595405264057,0.15415067982725827,0.375,11,4,8,0.40441791469536525,4,1.8095238095238095,10,0.42857142857142855,0.0,0.3333333333333333,0.047619047619047616,6,0.2857142857142857,2,0.7619047619047619,0.011437645870830574,0.12,0.06571882293541528,light irradiation,2021,0.7492363493474354,0,2 0 0 0 1 0 2 1 1 5 5 6,термины
session,2026,39,26.0,3.097649443933687,15.0,3.4853702532386905,-0.10234951968647145,-0.4137639109228597,0.34615384615384615,8,3,6,0.6316509100996271,15,1.0769230769230769,10,0.02564102564102564,0.15384615384615385,0.05128205128205128,0.0,20,0.5128205128205128,4,0.1282051282051282,0.011401264812153405,0.12,0.0657006324060767,pipeline leak detection,2021,1.4511582400191716,0,0 0 0 1 0 0 0 8 7 7 10 9,термины
porous organic,2026,20,12.5,1.3703967218425293,6.0,1.6626946456536427,-0.14520440624045416,-2.689701062434014,0.36,11,4,8,0.6152050173140735,9,1.9,16,0.35,0.0,0.35,0.1,5,0.25,3,0.8,0.011330562002446516,0.12,0.06566528100122325,green hydrogen,2021,3.13777952785126,1,1 0 1 0 0 1 3 1 2 0 8 4,термины
x52,2026,67,61.0,6.814046852745595,8.0,1.8528314345430463,1.1341772569548927,-0.16251892949777424,0.5409836065573771,11,0,12,0.2565956322154913,9,1.2537313432835822,26,0.373134328358209,0.08955223880597014,0.373134328358209,0.11940298507462686,41,0.6119402985074627,2,0.5522388059701493,0.011156822235162806,0.12,0.0655784111175814,acoustic,2021,1.3991373694813933,0,1 1 1 3 1 2 1 2 5 9 19 33,термины
rice husk,2026,16,10.5,1.1736183584669184,3.0,0.7219996720312976,0.3144993719130125,-1.1856236656577392,0.42857142857142855,9,2,8,0.4604792966721748,5,1.9375,12,0.1875,0.0,0.125,0.0,11,0.6875,2,0.9375,0.05029759745260227,0.08,0.06514879872630114,pipeline leak detection,2021,1.4511582400191716,0,0 0 1 2 1 0 0 2 1 1 5 4,термины
tandem,2026,47,33.0,3.975916049359595,13.0,3.2952334643492875,0.1649651066573688,-0.9400072584914705,0.2727272727272727,11,4,8,0.7973925420064178,29,2.0,17,0.23404255319148937,0.0851063829787234,0.44680851063829785,0.10638297872340426,12,0.2553191489361702,4,0.7659574468085106,0.010258119479748749,0.12,0.06512905973987437,green hydrogen,2021,3.13777952785126,1,2 0 2 0 0 0 2 7 4 9 15 9,термины
films,2026,61,44.5,5.2497122434115555,14.0,3.7753666744370675,0.29627993842423,-0.4336359850748601,0.3707865168539326,10,0,11,0.7531608583305003,30,1.721311475409836,26,0.18032786885245902,0.06557377049180328,0.39344262295081966,0.04918032786885246,21,0.3442622950819672,4,0.819672131147541,0.009882633174958674,0.12,0.06494131658747934,energy carriers,2021,1.130896695911402,0,0 2 1 2 1 2 5 5 4 11 17 16,термины
non-uniform,2026,23,16.5,1.8709174838125537,9.0,2.311795883821258,-0.17054637956260194,1.854560370467085,0.6363636363636364,11,5,7,0.8893736827196401,18,2.0434782608695654,17,0.5652173913043478,0.13043478260869565,0.6086956521739131,0.17391304347826086,6,0.2608695652173913,4,0.9565217391304348,0.04987153457542939,0.08,0.06493576728771469,hydrothermal,2021,0.5221433953540757,0,1 0 0 0 0 0 2 4 3 4 2 10,термины
global oil,2026,33,21.5,2.3991142886235943,8.0,2.0503579753245256,0.12817154082909452,1.0647107369924285,0.627906976744186,10,1,10,0.44306238880322657,10,1.4848484848484849,18,0.030303030303030304,0.06060606060606061,0.30303030303030304,0.24242424242424243,11,0.3333333333333333,3,0.6060606060606061,0.049790246394624225,0.08,0.06489512319731211,adsorbents,2021,1.7057943380259617,0,0 1 3 0 1 3 2 3 3 4 4 14,термины
post,2026,65,28.0,3.3633522922588504,13.0,3.649141253262916,-0.0713661098332588,-0.47000362924573524,0.32142857142857145,11,0,12,0.5985814755946833,27,1.2769230769230768,29,0.12307692307692308,0.06153846153846154,0.4,0.15384615384615385,20,0.3076923076923077,4,0.7076923076923077,0.00968446743827975,0.12,0.06484223371913987,co2 removal,2021,0.6219750219327225,0,4 3 6 3 8 3 6 4 3 8 11 9,термины
power-to-x,2026,37,32.5,3.758881880884902,8.0,1.9151454880019445,0.5672471277853092,0.664976303593249,0.5076923076923077,7,0,8,0.6411245437092422,15,1.4054054054054055,22,0.05405405405405406,0.02702702702702703,0.32432432432432434,0.08108108108108109,13,0.35135135135135137,3,0.7297297297297297,0.08907844616263884,0.04,0.06453922308131942,ammonia hydrogen,2021,1.7270731716862224,0,0 0 0 0 1 1 1 3 4 8 8 16,термины
acoustic emission,2026,33,24.0,2.76302211065897,4.0,1.202132882119077,0.6507716925591347,-1.0577902941478545,0.375,10,2,9,0.6512555448059557,15,1.0303030303030303,12,0.3939393939393939,0.030303030303030304,0.15151515151515152,0.0,15,0.45454545454545453,3,0.8787878787878788,0.008903825767218591,0.12,0.0644519128836093,pipeline leak detection,2021,1.4511582400191716,0,0 1 0 1 3 3 3 0 1 4 11 9,термины
techno-economics,2026,20,13.5,1.6583282371416044,6.0,1.6415258848440748,0.007815352495393241,0.27763173659827967,0.3333333333333333,10,4,7,0.7325335478612782,11,1.6,17,0.05,0.0,0.35,0.05,11,0.55,3,0.8,0.008775332416138475,0.12,0.06438766620806924,green hydrogen,2021,3.13777952785126,1,0 1 0 1 0 0 1 5 0 5 4 4,термины
microkinetic,2026,21,13.5,1.5394990423771242,6.0,1.5897962117899602,-0.024362344664771617,0.7537718023763802,0.5555555555555556,9,0,10,0.5672514711613915,8,1.6666666666666667,12,0.23809523809523808,0.047619047619047616,0.3333333333333333,0.047619047619047616,9,0.42857142857142855,3,0.6190476190476191,0.08840765283846637,0.04,0.06420382641923318,localization,2021,1.2954984549257016,0,0 0 1 1 1 1 2 2 2 3 3 8,термины
techno-economic comparison,2026,15,11.0,1.2908431073117554,2.0,0.46056176353456557,0.6229235139509538,-1.4069136483226263,0.2727272727272727,11,4,8,0.652502376195011,7,1.5333333333333334,10,0.0,0.0,0.3333333333333333,0.13333333333333333,11,0.7333333333333333,3,0.7333333333333333,0.00830918484910026,0.12,0.06415459242455013,hydrolysis ammonia borane,2021,0.39600164539399635,0,1 1 0 0 0 1 0 1 1 2 6 3,термины
north sea,2026,62,40.0,4.857759962579976,15.0,4.088534255987914,0.1549853314347726,0.5108256237659905,0.375,11,1,11,0.5697000905933092,19,1.4516129032258065,20,0.03225806451612903,0.08064516129032258,0.4032258064516129,0.25806451612903225,26,0.41935483870967744,4,0.5161290322580645,0.007921500752257978,0.12,0.06396075037612899,adsorbents,2021,1.7057943380259617,0,1 2 1 0 3 5 4 9 2 14 11 15,термины
plastic waste,2026,36,31.5,3.486392832925979,9.0,2.322380264226042,0.3453061758465497,-1.8936657500177938,0.42857142857142855,5,0,6,0.5889039424542722,14,2.2777777777777777,36,0.027777777777777776,0.0,0.1388888888888889,0.1111111111111111,18,0.5,3,0.8055555555555556,0.08776899468106815,0.04,0.06388449734053407,ammonia production,2021,0.818045914589193,0,0 0 0 0 0 0 3 2 4 2 16 14,термины
earth-abundant,2026,14,11.0,1.2064761550220513,3.0,0.784313725490196,0.28420600631879994,-0.579818495252942,0.5454545454545454,8,3,6,0.4812393189259148,5,2.5,8,0.42857142857142855,0.0,0.6428571428571429,0.0,4,0.2857142857142857,3,0.7857142857142857,0.04775678820594398,0.08,0.063878394102972,light irradiation,2021,0.7492363493474354,0,0 0 0 1 1 0 0 3 0 1 4 6,термины
saudi arabia,2026,40,36.5,4.340192287350157,6.0,1.5168977779262776,0.8753938712976367,-0.2060707370056174,0.3698630136986301,10,3,8,0.7102056652598546,20,1.4,20,0.05,0.075,0.45,0.125,17,0.425,4,0.7,0.007548972835506607,0.12,0.0637744864177533,energy transition,2021,1.5512441791277476,0,0 1 0 1 0 0 1 3 2 10 13 14,термины
gas-fired,2026,57,17.0,2.0226044751321672,11.0,2.574831106574344,-0.1979580853736483,2.0512706647131393,0.5294117647058824,11,0,12,0.5425645272852265,20,1.2456140350877194,23,0.10526315789473684,0.03508771929824561,0.5087719298245614,0.08771929824561403,16,0.2807017543859649,4,0.6842105263157895,0.04708770817290206,0.08,0.06354385408645102,co2 geological,2021,1.1145851037479804,0,5 5 3 5 4 10 1 4 6 6 2 9,термины
stratification,2026,29,25.0,2.7788329939543086,4.0,1.056336014391712,0.7451532145646397,0.49020633656325496,0.6,9,1,9,0.570352764658957,12,1.1724137931034482,10,0.5172413793103449,0.034482758620689655,0.5517241379310345,0.06896551724137931,9,0.3103448275862069,4,0.8620689655172413,0.04678326214191371,0.08,0.06339163107095686,decarbonisation,2021,1.9777225274159005,0,0 0 2 2 0 1 1 2 1 4 6 15,термины
microbiologically influenced,2026,25,21.0,2.247427297303981,4.0,1.1915485017142933,0.4850205629290464,0.6523251860396904,0.7142857142857143,11,3,9,0.20549937716457578,5,1.92,16,0.32,0.04,0.52,0.04,12,0.48,2,0.76,0.006783254009985414,0.12,0.0633916270049927,hydrothermal,2021,0.5221433953540757,0,1 0 1 2 1 0 2 2 0 2 4 15,термины
current status,2026,47,29.5,3.6841416041130586,14.0,3.223932344741959,0.11652137849793402,1.1895840668738362,0.3559322033898305,11,4,8,0.7644885976945901,25,1.8936170212765957,27,0.425531914893617,0.0425531914893617,0.3829787234042553,0.02127659574468085,14,0.2978723404255319,4,0.8297872340425532,0.006629990309430408,0.12,0.0633149951547152,hydrothermal,2021,0.5221433953540757,0,3 0 0 0 1 3 0 7 7 13 6 10,термины
field-scale,2026,30,26.0,2.9098957642196535,7.0,1.664291959909997,0.45458845448780705,-1.0185695809945734,0.46153846153846156,9,4,6,0.30636660412874034,7,1.7,15,0.3333333333333333,0.06666666666666667,0.6666666666666666,0.13333333333333333,8,0.26666666666666666,3,0.7666666666666667,0.006625085823621303,0.12,0.06331254291181065,light irradiation,2021,0.7492363493474354,0,0 0 1 0 0 0 2 0 5 3 11 12,термины
non-contact,2026,14,11.5,1.392625388816441,1.0,0.26143790849673204,0.910511608170713,0.5415972824327444,0.391304347826087,10,4,7,0.7982309855842458,9,1.9285714285714286,6,0.5714285714285714,0.07142857142857142,0.42857142857142855,0.07142857142857142,4,0.2857142857142857,3,0.8571428571428571,0.006404214076909188,0.12,0.0632021070384546,hydrothermal,2021,0.5221433953540757,0,0 1 0 0 1 1 0 1 0 4 3 4,термины
fracture toughness,2026,49,47.5,5.393377005132952,6.0,1.2570571836858997,1.2101888240047114,-0.426518517305996,0.47368421052631576,7,1,7,0.2365017691395659,6,1.816326530612245,32,0.24489795918367346,0.04081632653061224,0.3469387755102041,0.08163265306122448,21,0.42857142857142855,2,0.673469387755102,0.006308223527105505,0.12,0.06315411176355275,energy storage,2021,1.0416030938623486,0,0 0 0 0 1 2 0 1 5 8 17 22,термины
combustion characteristics,2026,66,54.5,6.240758675878557,13.0,3.0459772505136935,0.6423586896795219,0.5332392186028909,0.5229357798165137,10,1,10,0.45153445452490254,16,1.5303030303030303,27,0.3787878787878788,0.030303030303030304,0.36363636363636365,0.06060606060606061,23,0.3484848484848485,3,0.5454545454545454,0.045761009520794184,0.08,0.0628805047603971,energy storage,2021,1.0416030938623486,0,0 2 0 2 1 3 2 3 8 12 14 28,термины
tensile testing,2026,19,18.0,2.0003758081582554,3.0,0.7325840524360817,0.7073282225279256,-0.7576857016975158,0.5,10,5,6,0.2070436602386923,4,2.3684210526315788,18,0.2631578947368421,0.05263157894736842,0.42105263157894735,0.0,5,0.2631578947368421,2,0.6842105263157895,0.005626602590701722,0.12,0.06281330129535086,green hydrogen,2021,3.13777952785126,1,0 1 0 0 0 0 1 0 2 2 7 9,термины
lstm,2026,25,24.5,2.761417664739327,2.0,0.398247710075667,1.2894713696451807,-1.1411719030869059,0.42857142857142855,7,3,5,0.6240065784076678,12,1.84,8,0.68,0.0,0.36,0.0,9,0.36,3,0.88,0.005083787534203285,0.12,0.06254189376710165,light irradiation,2021,0.7492363493474354,0,0 0 0 0 2 0 0 0 2 3 11 10,термины
polypropylene,2026,24,18.5,2.1176005570030925,4.0,1.0669203947964963,0.5131459191576191,-0.8680886300562778,0.40540540540540543,11,3,9,0.6611730511310983,12,1.7916666666666667,21,0.041666666666666664,0.0,0.16666666666666666,0.08333333333333333,10,0.4166666666666667,4,0.875,0.004931817633706963,0.12,0.06246590881685348,rankine,2021,1.257693128133767,0,1 1 0 1 1 0 2 0 2 3 8 8,термины
em-governed,2026,13,19.5,1.9302152932442465,0.0,0.0,1.5811270320307274,3.0204248861443626,1.0,0,0,1,0.41794859046423444,4,0.0,0,0.0,0.0,0.0,0.0,6,0.46153846153846156,2,0.07692307692307693,0.08416872704206925,0.04,0.06208436352103462,production syngas,2019,0.17452384598608786,0,0 0 0 0 0 0 0 0 0 0 0 20,термины
temperature dependence,2026,15,14.0,1.5723568389322573,3.0,0.5973715651135006,0.6357686949653453,1.491654876777717,0.6428571428571429,7,3,5,0.7336391504114536,9,1.7333333333333334,9,0.3333333333333333,0.0,0.4,0.26666666666666666,4,0.26666666666666666,3,0.8666666666666667,0.08409621614064443,0.04,0.06204810807032221,geothermal,2021,1.1490221983344777,0,0 0 0 0 1 0 0 0 3 3 2 9,термины
pressure management,2026,15,12.5,1.439321206792082,3.0,0.8572121593538786,0.3569053054076247,-1.0884599172040914,0.36,9,4,6,0.4790516180600358,6,1.6,12,0.06666666666666667,0.0,0.4,0.06666666666666667,6,0.4,3,0.9333333333333333,0.004041462325815745,0.12,0.06202073116290787,light irradiation,2021,0.7492363493474354,0,0 0 1 0 0 0 1 2 0 2 6 4,термины
bragg,2026,19,10.0,1.125318094571634,7.0,1.726606013368895,-0.31477491187376394,0.8472978603872034,0.6,10,1,10,0.2070436602386923,4,1.5263157894736843,7,0.8421052631578947,0.0,0.3157894736842105,0.05263157894736842,7,0.3684210526315789,2,0.8947368421052632,0.00394953239894218,0.12,0.061974766199471086,distributed acoustic sensing,2021,2.759708518612371,1,0 1 1 1 0 1 2 1 4 2 2 6,термины
amine-modified,2026,15,11.5,1.476992341106145,3.0,0.659685618572399,0.5334277202690119,-0.8754687373538999,0.13043478260869565,11,6,6,0.14500265433326487,2,1.8,11,0.13333333333333333,0.0,0.26666666666666666,0.0,8,0.5333333333333333,1,0.8,0.003912462480528785,0.12,0.06195623124026439,green hydrogen,2021,3.13777952785126,1,1 0 0 0 0 0 0 1 2 5 5 2,термины
x80 pipeline,2026,82,57.0,6.708053225338262,11.0,2.710043593896925,0.8089143867792392,0.10258658877510118,0.42105263157894735,11,0,12,0.19584924326841005,9,1.1341463414634145,11,0.8536585365853658,0.08536585365853659,0.6829268292682927,0.10975609756097561,66,0.8048780487804879,2,0.47560975609756095,0.04372816226347677,0.08,0.061864081131738385,cycle power,2021,0.36523768826713565,0,4 2 4 4 3 5 2 4 5 15 18 24,термины
interfaces,2026,69,60.5,6.762169281055837,8.0,1.9880439218656274,1.0711817550445832,-1.0523612710173542,0.47107438016528924,11,0,12,0.7569434327988757,34,1.6956521739130435,29,0.2898550724637681,0.028985507246376812,0.36231884057971014,0.11594202898550725,18,0.2608695652173913,4,0.7681159420289855,0.043019688849457595,0.08,0.0615098444247288,machine,2021,2.055059331109434,1,1 1 2 1 1 4 2 2 4 7 25 28,термины
injection timing,2026,11,10.0,1.0908558520968576,2.0,0.46056176353456557,0.5045091384920464,-0.13353139262452263,0.6,6,1,6,0.12704312019170227,2,1.6363636363636365,6,0.5454545454545454,0.0,0.18181818181818182,0.09090909090909091,3,0.2727272727272727,2,1.0,0.0024874015053582246,0.12,0.06124370075267911,distributed acoustic sensing,2021,2.759708518612371,1,0 0 0 0 0 1 0 1 1 1 3 6,термины
amino acids,2026,35,19.0,2.2348253058479295,7.0,1.58080914564153,0.2733107298913603,-1.049822124498678,0.3157894736842105,11,3,9,0.5376873028764608,13,1.542857142857143,20,0.02857142857142857,0.02857142857142857,0.45714285714285713,0.11428571428571428,9,0.2571428571428571,3,0.8857142857142857,0.002234942300913467,0.12,0.06111747115045673,pipeline inspection,2021,0.5311575719828165,0,1 0 0 1 4 5 0 3 4 4 9 6,термины
neural networks,2026,85,70.5,8.381823929820017,14.0,3.172202671687845,0.8832152683652598,-0.3187967254624908,0.3617021276595745,9,0,10,0.7663082113281845,44,1.6470588235294117,36,0.2235294117647059,0.047058823529411764,0.2823529411764706,0.11764705882352941,22,0.25882352941176473,4,0.8235294117647058,0.04112826790613087,0.08,0.06056413395306544,ammonia production,2021,0.818045914589193,0,0 0 1 1 6 1 1 4 9 19 26 26,термины
notch,2026,15,10.5,1.2924475532313986,1.0,0.26143790849673204,0.8561286824440723,-1.5892352051165808,0.14285714285714285,11,5,7,0.1791303909745736,3,1.6666666666666667,15,0.2,0.13333333333333333,0.3333333333333333,0.0,6,0.4,3,0.9333333333333333,0.0011185301610013838,0.12,0.06055926508050069,green hydrogen,2021,3.13777952785126,1,1 0 0 2 0 1 0 1 0 3 6 2,термины
direct-air capture,2026,18,10.5,1.2080806009416947,6.0,1.319371237144798,-0.06312068280266839,-0.4155154439616655,0.42857142857142855,10,4,7,0.55355212233718,7,1.0,6,0.05555555555555555,0.16666666666666666,0.2222222222222222,0.3333333333333333,7,0.3888888888888889,1,0.7777777777777778,0.040988369911910835,0.08,0.06049418495595542,amino acids,2020,0.5104790537201802,0,0 1 0 0 0 2 0 2 4 2 4 4,термины
ion-exchange,2026,11,10.0,1.1752228043865616,1.0,0.1991238550378335,0.8738735375242946,-1.0986122886681093,0.3,11,7,5,0.2502886927414662,3,1.6363636363636365,9,0.09090909090909091,0.0,0.36363636363636365,0.0,3,0.2727272727272727,2,0.9090909090909091,0.0006205092220472535,0.12,0.06031025461102362,green hydrogen,2021,3.13777952785126,1,1 0 0 0 0 0 0 0 1 2 5 3,термины
mini,2026,22,10.0,1.2441472893361143,9.0,2.5304911854123056,-0.5524589369648591,0.2231435513142097,0.3,11,3,9,0.8776851867904132,16,1.8181818181818181,18,0.09090909090909091,0.0,0.3181818181818182,0.0,12,0.5454545454545454,4,1.0,0.04059346668005489,0.08,0.06029673334002744,alkali,2021,1.2559863504079538,0,2 0 0 1 1 0 5 1 3 4 3 3,термины
low-carbon future,2026,13,11.0,1.2409383974968275,4.0,1.056336014391712,0.11208992676248038,0.27193371548364187,0.5454545454545454,5,0,6,0.5944395699644951,6,2.076923076923077,15,0.15384615384615385,0.07692307692307693,0.46153846153846156,0.0,4,0.3076923076923077,3,0.9230769230769231,0.039801026876175864,0.08,0.05990051343808793,mgo,2020,0.6242860740141959,0,0 0 0 0 0 0 1 2 1 2 3 6,термины
co-pyrolysis,2026,24,17.0,2.003584699997542,5.0,1.1202473821069647,0.43514474225851235,-0.6035350218702578,0.35294117647058826,10,2,9,0.42422060498199454,8,2.0833333333333335,17,0.20833333333333334,0.0,0.125,0.125,17,0.7083333333333334,2,0.8333333333333334,0.03909004484154914,0.08,0.05954502242077457,methane decomposition,2021,1.3616573851336096,0,0 1 1 0 1 1 0 2 3 4 7 6,термины
hydrogen-assisted,2026,47,56.0,6.136135918489772,2.0,0.5334601973982481,1.8596172671461781,1.597015392435543,0.6964285714285714,10,4,7,0.2358066174567183,8,1.2553191489361701,24,0.10638297872340426,0.0,0.19148936170212766,0.2127659574468085,17,0.3617021276595745,2,0.5319148936170213,0.036358425152752775,0.08,0.058179212576376385,green hydrogen,2021,3.13777952785126,1,0 1 0 0 0 1 1 0 1 9 8 39,термины
nonthermal,2026,17,10.5,1.242542843416471,5.0,1.1308317625117486,0.06625528225907293,0.3184537311185347,0.42857142857142855,7,1,7,0.5809364245267404,7,2.0,14,0.23529411764705882,0.0,0.23529411764705882,0.0,10,0.5882352941176471,3,0.8823529411764706,0.03492527239919924,0.08,0.057462636199599626,alloy,2021,1.0835799965597792,0,0 0 0 0 2 1 1 0 4 3 3 4,термины
soil environment,2026,29,14.5,1.6052146354873902,6.0,1.5274821583310618,0.037622719406395486,2.4423470353692043,0.7241379310344828,11,2,10,0.5194169792552312,9,1.4482758620689655,9,0.5862068965517241,0.034482758620689655,0.3793103448275862,0.0,9,0.3103448275862069,2,0.8275862068965517,0.07358922974170184,0.04,0.056794614870850926,africa,2021,0.8428177383937306,0,4 0 0 3 2 3 2 1 3 3 1 10,термины
decarbonization pathways,2026,18,13.0,1.5066412458219913,5.0,1.2554598694295456,0.1337314459214154,0.11332868530700324,0.46153846153846156,7,0,8,0.7933645889053115,11,2.6666666666666665,17,0.2777777777777778,0.0,0.2777777777777778,0.05555555555555555,7,0.3888888888888889,3,0.9444444444444444,0.07263700264273983,0.04,0.05631850132136991,porous carbon,2021,0.3779890021944151,0,0 0 0 0 1 1 1 2 2 3 4 6,термины
ru-based,2026,24,11.0,1.2409383974968275,12.0,2.9197518293395426,-0.6751437071631022,0.27193371548364187,0.5454545454545454,10,2,9,0.31399958478956436,5,2.0,16,0.4166666666666667,0.041666666666666664,0.2916666666666667,0.0,9,0.375,3,0.7083333333333334,0.03242057599528468,0.08,0.05621028799764234,pipeline inspection,2021,0.5311575719828165,0,0 1 1 0 0 1 3 2 7 2 3 6,термины
induction,2026,48,33.5,3.7212107465708395,11.0,2.980468568542087,0.1929550628131952,0.2070141693843257,0.582089552238806,10,1,10,0.8125,27,1.75,25,0.16666666666666666,0.0625,0.2708333333333333,0.125,12,0.25,4,0.8541666666666666,0.07234482661657744,0.04,0.05617241330828872,jet fuel,2021,0.7829423238028309,0,0 2 0 2 3 3 4 4 3 5 9 20,термины
pore-scale,2026,29,23.0,2.697306517548704,6.0,1.5274821583310618,0.45551403496813686,-1.722766597741103,0.2608695652173913,9,3,7,0.4129062170677652,10,2.0689655172413794,16,0.41379310344827586,0.034482758620689655,0.5517241379310345,0.06896551724137931,12,0.41379310344827586,4,0.8275862068965517,0.028157865606299456,0.08,0.05407893280314973,light irradiation,2021,0.7492363493474354,0,0 0 2 0 0 0 2 1 3 4 13 6,термины
wire,2026,23,12.0,1.45994542784635,6.0,1.319371237144798,0.07442566261675268,2.3513752571634776,0.5,10,2,9,0.896629291477754,18,1.3478260869565217,11,0.34782608695652173,0.0,0.2608695652173913,0.043478260869565216,7,0.30434782608695654,4,0.9565217391304348,0.10808181896290854,0.0,0.05404090948145427,africa,2021,0.8428177383937306,0,0 2 1 3 0 1 0 2 4 5 1 6,термины
kazakhstan,2026,23,18.0,2.153667245397512,6.0,1.4651681048721634,0.3003647583102159,-0.4212134650763031,0.3333333333333333,6,1,6,0.8389602316192748,16,1.6521739130434783,12,0.043478260869565216,0.08695652173913043,0.08695652173913043,0.043478260869565216,11,0.4782608695652174,4,0.8260869565217391,0.027743935024963914,0.08,0.05387196751248196,production synthetic,2021,0.31302407373333824,0,0 0 0 0 0 1 2 0 4 5 7 6,термины
hyperspectral,2026,38,30.5,3.439697014950337,9.0,2.38469431768494,0.3116848819895386,-0.9945280973698878,0.4426229508196721,8,1,8,0.1976782634662173,7,2.1842105263157894,19,0.23684210526315788,0.0,0.5,0.47368421052631576,17,0.4473684210526316,2,0.5263157894736842,0.027413169919744997,0.08,0.0537065849598725,shelf,2021,0.43823910067205,0,0 0 0 1 0 2 3 3 3 4 13 14,термины
rotary,2026,26,15.0,1.7378818516723786,12.0,3.158423662770353,-0.4915025448347344,-0.5596157879354227,0.4,6,0,7,0.7573755269356469,16,1.7692307692307692,15,0.4230769230769231,0.0,0.38461538461538464,0.11538461538461539,14,0.5384615384615384,4,0.7692307692307693,0.06730638937570721,0.04,0.05365319468785361,ruthenium,2021,0.7306169993337376,0,0 0 0 0 0 1 2 8 2 3 6 6,термины
plasmonic,2026,27,13.0,1.6254704405864715,9.0,2.4364239907390544,-0.32319934966066666,-0.40546510810816416,0.23076923076923078,8,0,9,0.5285215788359675,8,1.8888888888888888,12,0.48148148148148145,0.0,0.4444444444444444,0.1111111111111111,11,0.4074074074074074,3,0.7777777777777778,0.02587890862430634,0.08,0.05293945431215317,ruthenium,2021,0.7306169993337376,0,0 0 0 1 1 4 2 6 1 5 5 3,термины
electrothermal,2026,11,11.0,1.275400639971604,0.0,0.0,1.267173290678113,1.1349799328389842,0.5454545454545454,8,4,5,0.8224908743082042,8,2.8181818181818183,11,0.2727272727272727,0.0,0.5454545454545454,0.2727272727272727,3,0.2727272727272727,3,1.0,0.06581254923679784,0.04,0.05290627461839892,offshore oil,2021,0.7880561417874418,0,0 0 0 1 1 0 0 0 0 3 2 6,термины
nigeria,2026,73,55.0,6.104882567854283,15.0,3.776963988693421,0.4345657490850879,1.4036429994545032,0.6545454545454545,11,0,12,0.6622398098390406,29,0.9178082191780822,17,0.0136986301369863,0.0,0.0410958904109589,0.0821917808219178,32,0.4383561643835616,4,0.6164383561643836,0.06559247255870172,0.04,0.05279623627935086,pipeline integrity,2021,1.4836443076708863,0,1 2 1 4 4 3 4 4 7 10 9 36,термины
shock,2026,31,28.0,3.2635428726289946,4.0,0.796495420151334,1.065695973599211,1.3862943611198908,0.5357142857142857,9,2,8,0.6058777753128637,14,1.8709677419354838,16,0.1935483870967742,0.03225806451612903,0.25806451612903225,0.06451612903225806,10,0.3225806451612903,4,0.7419354838709677,0.06543757635866314,0.04,0.052718788179331566,pipeline inspection,2021,0.5311575719828165,0,0 0 1 1 1 1 0 0 4 8 5 15,термины
biomass-derived,2026,36,18.0,2.0003758081582554,15.0,3.839278042152319,-0.5512669407001255,-0.7576857016975158,0.5,11,2,10,0.6140703454445725,13,1.6666666666666667,20,0.25,0.0,0.3888888888888889,0.1111111111111111,17,0.4722222222222222,3,0.7777777777777778,0.1053312178565133,0.0,0.05266560892825665,rankine,2021,1.257693128133767,0,1 1 0 0 1 3 4 5 6 2 7 9,термины
sorbent-based,2026,24,14.5,1.6860042799826207,9.0,2.8632302135163665,-0.43082653756385764,-3.520460802488973,0.10344827586206896,6,1,6,0.22331689150357503,4,1.9583333333333333,16,0.16666666666666666,0.041666666666666664,0.625,0.375,12,0.5,1,0.6666666666666666,0.02488257843148516,0.08,0.05244128921574258,separations,2021,0.3181268549934139,0,0 0 0 0 0 1 7 2 0 1 12 2,термины
middle east,2026,40,34.0,4.0261891751297085,7.0,1.77833568642301,0.6864351294402325,0.56531380905006,0.4411764705882353,10,2,9,0.6730055384377095,15,1.85,21,0.25,0.05,0.35,0.175,12,0.3,4,0.7,0.10476201978903699,0.0,0.05238100989451849,geothermal,2021,1.1490221983344777,0,0 1 0 1 2 0 1 4 2 10 9 15,термины
electrically conductive,2026,13,12.0,1.4064634102369489,2.0,0.5334601973982481,0.6123373210556219,-1.673976433571671,0.25,5,1,5,0.7586640142018066,9,1.4615384615384615,10,0.07692307692307693,0.0,0.23076923076923078,0.07692307692307693,6,0.46153846153846156,4,0.9230769230769231,0.06429236695240878,0.04,0.052146183476204394,water splitting,2020,0.1991400261216435,0,0 0 0 0 0 0 1 0 1 2 7 3,термины
fiber optic sensing,2026,30,18.5,2.236429751767573,7.0,1.8512341202866924,0.15171371256219776,-1.1086626245216116,0.24324324324324326,11,3,9,0.5329364821264713,13,1.5666666666666667,10,0.5,0.06666666666666667,0.3,0.03333333333333333,14,0.4666666666666667,2,0.8666666666666667,0.02419853253467328,0.08,0.052099266267336644,pipeline inspection,2021,0.5311575719828165,0,1 0 0 0 2 3 2 3 2 5 9 4,термины
olefin,2026,39,11.0,1.2409383974968275,12.0,3.3771189643614004,-0.8006680661032765,0.27193371548364187,0.5454545454545454,11,0,12,0.604572340129286,17,2.2564102564102564,20,0.3076923076923077,0.05128205128205128,0.5128205128205128,0.02564102564102564,10,0.2564102564102564,3,0.7948717948717948,0.024013746719119912,0.08,0.05200687335955996,aromatics,2021,0.35554724587110914,0,1 4 2 4 3 4 5 5 2 2 3 6,термины
convolutional,2026,83,76.0,9.049842566404996,14.0,3.16161829128306,0.9586194633842183,1.3238370061861442,0.47368421052631576,7,1,7,0.6122284578882233,26,1.3855421686746987,23,0.5060240963855421,0.07228915662650602,0.27710843373493976,0.10843373493975904,21,0.25301204819277107,3,0.6265060240963856,0.023997259811383266,0.08,0.05199862990569164,repair,2021,0.5242850954163019,0,0 0 0 0 1 4 0 6 8 25 15 36,термины
classifier,2026,20,12.0,1.4064634102369489,5.0,1.1931458159706472,0.11866167982821367,-1.673976433571671,0.25,8,0,9,0.6713692207169053,10,1.15,12,0.3,0.05,0.3,0.1,5,0.25,2,0.95,0.023995938048851945,0.08,0.05199796902442597,gas storage,2021,0.7830992617222469,0,0 0 0 1 1 2 1 1 3 2 7 3,термины
mfl signals,2026,9,10.5,1.1581758911267668,0.0,0.0,1.198865317971242,1.85238409104449,0.7142857142857143,8,5,4,0.45635674880951416,4,1.6666666666666667,6,0.5555555555555556,0.0,0.6666666666666666,0.1111111111111111,5,0.5555555555555556,2,1.0,0.06386751720431669,0.04,0.05193375860215835,hydrothermal,2021,0.5221433953540757,0,0 0 0 1 0 0 0 0 0 2 1 8,термины
laminar,2026,68,44.5,5.115440581306923,14.0,3.5672557532508034,0.32255154023425603,0.42499697902541067,0.5056179775280899,11,1,11,0.4128072529558338,14,1.7352941176470589,29,0.3382352941176471,0.014705882352941176,0.47058823529411764,0.04411764705882353,27,0.39705882352941174,3,0.4852941176470588,0.06306764786859265,0.04,0.05153382393429633,energy storage,2021,1.0416030938623486,0,3 3 1 4 6 0 3 6 5 10 12 22,термины
transformer,2026,32,32.0,3.622637356905441,2.0,0.6686726847208292,1.2606244464114427,-0.5655505234552374,0.46875,11,5,7,0.7132856063692048,15,1.65625,9,0.59375,0.0,0.375,0.28125,14,0.4375,2,0.8125,0.06272968889211486,0.04,0.051364844446057434,green hydrogen,2021,3.13777952785126,1,1 0 1 1 0 0 2 0 0 5 12 15,термины
sedimentary basins,2026,30,12.0,1.594217089950982,9.0,1.9790568557171972,-0.16869840828177693,-1.9459101490553132,0.0,11,4,8,0.25248588100586156,7,1.4666666666666666,17,0.26666666666666666,0.0,0.4,0.13333333333333333,10,0.3333333333333333,3,0.6,0.022647803444689692,0.08,0.05132390172234485,light irradiation,2021,0.7492363493474354,0,3 4 1 0 0 1 0 3 6 6 6 0,термины
hydrogen-induced degradation,2026,8,10.0,1.0908558520968576,0.0,0.0,1.157419323734837,-0.13353139262452263,0.6,2,0,3,0.5162649802317996,4,1.875,6,0.5,0.125,0.625,0.0,3,0.375,2,0.625,0.022523549321184687,0.08,0.05126177466059234,gas recovery,2020,0.5646894238723991,0,0 0 0 0 0 0 0 0 0 1 3 6,термины
highly selective,2026,44,23.5,2.7646265565786137,11.0,2.980468568542087,-0.06402155243914683,-1.037987666851675,0.3191489361702128,11,0,12,0.701826882070695,18,1.9318181818181819,23,0.36363636363636365,0.0,0.38636363636363635,0.06818181818181818,20,0.45454545454545453,3,0.8409090909090909,0.02072467228914434,0.08,0.05036233614457217,microbial,2021,0.729584621568046,0,4 1 1 1 2 3 4 4 3 5 11 8,термины
monoliths,2026,27,24.0,2.7974843531337465,5.0,1.2554598694295456,0.6304290040727615,-0.7014459833746405,0.375,7,1,7,0.470330577248653,10,1.8148148148148149,18,0.18518518518518517,0.0,0.7037037037037037,0.07407407407407407,10,0.37037037037037035,2,0.7777777777777778,0.019081069528055675,0.08,0.04954053476402784,life-cycle,2021,1.380999639926633,0,0 0 0 0 1 0 1 2 2 5 10 9,термины
emissions quantification,2026,15,11.5,1.476992341106145,4.0,0.8588094736102326,0.3749677408614068,-0.8754687373538999,0.13043478260869565,4,0,5,0.5131793547013446,7,1.9333333333333333,11,0.0,0.06666666666666667,0.13333333333333333,0.2,7,0.4666666666666667,4,0.6,0.05812633627012859,0.04,0.0490631681350643,mobile,2018,0.5405538411428427,0,0 0 0 0 0 0 0 1 3 5 5 2,термины
power-to-methane,2026,11,10.5,1.2080806009416947,1.0,0.1991238550378335,0.8932976480489454,-0.4155154439616655,0.42857142857142855,7,3,5,0.750096230913822,7,1.0,6,0.0,0.0,0.09090909090909091,0.18181818181818182,4,0.36363636363636365,2,0.9090909090909091,0.018057017935521145,0.08,0.04902850896776057,boron,2021,0.29633074818068783,0,0 0 0 0 1 0 0 0 1 2 4 4,термины
deep decarbonization,2026,36,27.5,3.161760591124309,10.0,2.791929093909037,0.10647032390585777,0.22560964380940285,0.4909090909090909,7,0,8,0.6890439364595264,15,2.0555555555555554,18,0.1388888888888889,0.027777777777777776,0.3055555555555556,0.08333333333333333,10,0.2777777777777778,3,0.8888888888888888,0.09801417451456867,0.0,0.04900708725728434,ammonia hydrogen,2021,1.7270731716862224,0,0 0 0 0 1 2 5 2 3 6 8 14,термины
co-electrolysis,2026,20,11.5,1.392625388816441,5.0,1.2554598694295456,0.07523410332809105,0.5415972824327444,0.391304347826087,11,2,10,0.5948619546669418,7,1.75,14,0.05,0.05,0.2,0.0,6,0.3,3,0.75,0.017903002378745394,0.08,0.0489515011893727,pipeline inspection,2021,0.5311575719828165,0,1 1 0 1 0 2 1 2 2 4 3 4,термины
ultrafine,2026,18,15.0,1.8911732889116353,3.0,0.7325840524360817,0.6626713400341362,-0.5596157879354229,0.2,6,1,6,0.8401250222879124,13,1.8333333333333333,6,0.7777777777777778,0.05555555555555555,0.16666666666666666,0.2777777777777778,15,0.8333333333333334,3,0.7777777777777778,0.05781184804413592,0.04,0.04890592402206796,combustion co2,2020,0.11671465411022325,0,0 0 0 0 0 1 1 0 2 6 6 3,термины
silicon,2026,38,22.0,2.481876794993655,10.0,2.624963465372104,-0.046869692782934645,0.28256697178501056,0.5454545454545454,10,2,9,0.8620519346679673,26,2.0,26,0.21052631578947367,0.02631578947368421,0.3157894736842105,0.02631578947368421,10,0.2631578947368421,4,0.868421052631579,0.057553057275835165,0.04,0.04877652863791758,energy transition,2021,1.5512441791277476,0,0 1 0 0 6 3 1 8 1 4 6 12,термины
m-dac,2026,14,14.0,1.6721662585621127,0.0,0.0,1.4688721260014312,-1.6218604324326578,0.21428571428571427,6,3,4,0.3392623024595753,4,1.1428571428571428,9,0.07142857142857142,0.0,0.2857142857142857,0.0,4,0.2857142857142857,1,0.7857142857142857,0.017073743558765158,0.08,0.04853687177938258,pipeline leak detection,2021,1.4511582400191716,0,0 0 0 0 0 1 0 0 0 3 8 3,термины
propulsion,2026,99,82.0,9.302709847373011,15.0,3.631167120966056,0.8640988995655449,1.1698325891646344,0.5853658536585366,10,0,11,0.6104348928816821,30,1.4141414141414141,36,0.08080808080808081,0.0,0.2222222222222222,0.08080808080808081,26,0.26262626262626265,4,0.5454545454545454,0.01694884557014089,0.08,0.04847442278507044,production hydrogen,2021,0.7778264077391384,0,0 3 2 5 3 5 2 6 7 18 16 48,термины
blended natural,2026,49,34.5,4.10895168149977,14.0,3.5460869924412353,0.1302501908079043,0.1022306226488987,0.391304347826087,10,2,9,0.7109422750521478,23,1.3673469387755102,16,0.6122448979591837,0.10204081632653061,0.5102040816326531,0.08163265306122448,26,0.5306122448979592,2,0.7346938775510204,0.09668602341721273,0.0,0.048343011708606366,methane decomposition,2021,1.3616573851336096,0,0 1 0 0 1 3 1 10 3 10 11 14,термины
sewage sludge,2026,22,13.5,1.6583282371416044,4.0,0.9317079074739153,0.41046588523982597,0.27763173659827967,0.3333333333333333,10,3,8,0.6661326711226542,11,1.5909090909090908,15,0.18181818181818182,0.0,0.18181818181818182,0.045454545454545456,11,0.5,3,0.9090909090909091,0.01581595776638111,0.08,0.04790797888319055,pipeline inspection,2021,0.5311575719828165,0,0 2 3 0 0 1 1 0 3 5 4 4,термины
co-based,2026,30,19.0,2.1504583535582253,8.0,2.601792305019634,-0.15724751868035006,-0.470003629245735,0.47368421052631576,11,3,9,0.5139564548564405,11,1.9666666666666666,15,0.4,0.13333333333333333,0.36666666666666664,0.16666666666666666,9,0.3,4,0.7666666666666667,0.015454694493053115,0.08,0.04772734724652656,geothermal,2021,1.1490221983344777,0,1 2 0 0 1 2 7 1 0 3 7 9,термины
amine-functionalized,2026,105,99.5,11.400922213286291,15.0,3.6417515013708397,1.0554971276963914,-0.5871951239206576,0.4371859296482412,11,3,9,0.20369319682743559,11,1.3333333333333333,28,0.2571428571428571,0.009523809523809525,0.580952380952381,0.1619047619047619,43,0.4095238095238095,2,0.45714285714285713,0.015378678884290812,0.08,0.04768933944214541,adsorbents,2021,1.7057943380259617,0,1 1 0 3 0 0 3 4 8 18 38 44,термины
storage resources,2026,19,10.0,1.294051999151042,7.0,1.58080914564153,-0.1482800821446353,-2.2823823856765264,0.0,9,4,6,0.44221035011619814,7,1.7894736842105263,13,0.0,0.05263157894736842,0.2631578947368421,0.21052631578947367,5,0.2631578947368421,2,0.8421052631578947,0.015035719499836458,0.08,0.04751785974991823,green hydrogen,2021,3.13777952785126,1,0 0 1 0 1 0 0 3 4 4 6 0,термины
griffiths canon,2026,17,25.5,2.5241276911655532,0.0,0.0,1.799769863900278,3.2771447329921766,1.0,0,0,1,0.4819164990437566,5,0.0,0,0.0,0.0,0.0,0.0,11,0.6470588235294118,2,0.058823529411764705,0.09480227428237162,0.0,0.04740113714118581,fuels production,2018,0.2538287510542709,0,0 0 0 0 0 0 0 0 0 0 0 26,термины
seepage,2026,16,11.0,1.2908431073117554,5.0,1.2554598694295456,0.01995566217785751,-1.4069136483226263,0.2727272727272727,6,0,7,0.7873493675869248,11,2.5625,12,0.5625,0.0,0.5,0.0625,4,0.25,3,0.9375,0.014427052915563135,0.08,0.04721352645778157,in-situ,2021,1.6640678922888044,0,0 0 0 0 0 1 1 2 2 2 6 3,термины
emission estimation,2026,15,11.5,1.204871709102408,4.0,1.1186500678506104,0.05189735356256839,-1.0788096613719298,0.6521739130434783,9,4,6,0.1791303909745736,3,0.7333333333333333,4,0.13333333333333333,0.13333333333333333,0.7333333333333333,0.13333333333333333,9,0.6,1,0.8666666666666667,0.014248551746562055,0.08,0.04712427587328103,light irradiation,2021,0.7492363493474354,0,0 0 1 0 0 1 1 3 0 0 4 8,термины
sba-15,2026,33,20.5,2.4177656478030323,6.0,1.6626946456536427,0.2994631689409269,-0.4626235219481134,0.36585365853658536,11,0,12,0.29838714833320823,7,1.4545454545454546,10,0.30303030303030304,0.0,0.7272727272727273,0.0,14,0.42424242424242425,3,0.6060606060606061,0.013921705910851529,0.08,0.046960852955425764,geochemical,2021,1.2809889681588684,0,1 1 1 1 1 4 3 1 2 5 8 8,термины
deep neural,2026,17,11.5,1.427087631291217,4.0,0.9211235270691311,0.3045620888871889,1.2992829841302607,0.391304347826087,7,1,7,0.9424351665604173,15,1.5294117647058822,13,0.11764705882352941,0.058823529411764705,0.23529411764705882,0.11764705882352941,5,0.29411764705882354,3,1.0,0.05358722511139244,0.04,0.04679361255569622,value chain,2021,1.7059236510534643,0,0 0 0 0 2 1 0 2 2 5 2 4,термины
carbons,2026,64,33.0,3.6883529500157066,15.0,4.047388963338583,-0.0822456480689383,-0.05959209720224612,0.5454545454545454,11,0,12,0.5960522011640054,24,1.859375,33,0.28125,0.046875,0.390625,0.109375,22,0.34375,4,0.828125,0.05356678642599377,0.04,0.04678339321299689,production hydrogen,2021,0.7778264077391384,0,5 3 6 2 2 4 6 4 5 5 10 18,термины
geospatial,2026,44,34.0,4.076093884944637,11.0,2.314990512333966,0.48588687949234016,-0.16705408466316607,0.35294117647058826,8,1,8,0.5556147737161299,15,1.7954545454545454,22,0.022727272727272728,0.022727272727272728,0.5454545454545454,0.25,18,0.4090909090909091,4,0.6590909090909091,0.01324081136854282,0.08,0.04662040568427141,separations,2021,0.3181268549934139,0,0 0 0 1 1 1 0 2 9 10 12 12,термины
british columbia canada,2026,19,10.0,1.1752228043865616,6.0,1.3299556175495824,-0.08834553987888522,-1.0986122886681093,0.3,9,3,7,0.3791930402065399,6,1.1578947368421053,5,0.05263157894736842,0.0,0.2631578947368421,0.15789473684210525,5,0.2631578947368421,1,0.8947368421052632,0.013097097319943803,0.08,0.046548548659971906,boron,2021,0.29633074818068783,0,0 0 2 0 2 0 1 0 5 2 5 3,термины
quaternary,2026,38,23.5,2.664817136948758,8.0,1.925729868406729,0.26596282152391615,0.8823891801984738,0.574468085106383,11,1,11,0.522651414817643,15,1.6842105263157894,17,0.4473684210526316,0.13157894736842105,0.5789473684210527,0.10526315789473684,13,0.34210526315789475,4,0.7368421052631579,0.012945887811961028,0.08,0.046472943905980515,decarbonisation,2021,1.9777225274159005,0,1 3 2 2 0 3 2 1 5 5 5 14,термины
fe-based,2026,32,18.5,2.1176005570030925,9.0,2.457592751548623,-0.12211759763122346,-0.8680886300562778,0.40540540540540543,10,1,10,0.3727368299385541,8,2.125,17,0.40625,0.0625,0.34375,0.1875,12,0.375,2,0.75,0.01285560925249543,0.08,0.046427804626247716,bayesian,2021,1.0394229695713104,0,0 1 2 1 0 3 4 2 3 3 8 8,термины
electrochemical nitrogen,2026,29,10.5,1.223523068281846,12.0,3.106693989716238,-0.7384210689874684,-2.7850112422383386,0.14285714285714285,7,0,8,-0.0,1,1.7241379310344827,12,0.3793103448275862,0.0,0.27586206896551724,0.10344827586206896,8,0.27586206896551724,2,0.8275862068965517,0.01107311977468736,0.08,0.04553655988734368,storage tank,2021,0.7989077392657936,0,0 0 0 0 4 3 3 5 4 1 8 2,термины
iot,2026,47,40.5,4.7183065467612275,8.0,1.9151454880019445,0.7704134041618828,-0.38039147055604783,0.4074074074074074,9,1,9,0.8453855420957758,30,1.4893617021276595,28,0.1276595744680851,0.02127659574468085,0.19148936170212766,0.0425531914893617,12,0.2553191489361702,4,0.8297872340425532,0.009875108703563085,0.08,0.044937554351781546,energy storage,2021,1.0416030938623486,0,0 0 1 0 2 1 1 3 4 9 15 16,термины
removal technologies,2026,46,36.0,4.188505296030544,11.0,2.782942027760607,0.35637385140456584,-0.3083013596545161,0.4166666666666667,9,1,9,0.3625663127190269,11,1.6956521739130435,31,0.08695652173913043,0.0,0.34782608695652173,0.06521739130434782,17,0.3695652173913043,3,0.782608695652174,0.00958719124170968,0.08,0.04479359562085484,energy storage,2021,1.0416030938623486,0,0 0 1 0 2 1 3 3 5 8 13 15,термины
porous media,2026,61,45.5,5.5376437587106295,13.0,3.4516147124814367,0.42388954630980263,0.4172995657551679,0.3626373626373626,11,1,11,0.4053296568686476,15,1.7377049180327868,27,0.36065573770491804,0.14754098360655737,0.5901639344262295,0.11475409836065574,23,0.3770491803278688,4,0.7704918032786885,0.009366521021926977,0.08,0.04468326051096349,adsorbents,2021,1.7057943380259617,0,3 0 1 1 1 2 5 3 5 16 13 16,термины
land-based,2026,31,19.5,2.321165120012464,7.0,1.6537075795052125,0.2699591501896097,2.3245639997128205,0.5384615384615384,11,1,11,0.7140505112818827,15,1.967741935483871,13,0.12903225806451613,0.03225806451612903,0.5161290322580645,0.25806451612903225,10,0.3225806451612903,3,0.6774193548387096,0.08920395991337794,0.0,0.04460197995668897,power sector,2021,0.5471953026871793,0,2 1 0 1 3 1 1 2 4 7 2 10,термины
hydrodynamics,2026,36,21.0,2.450623444358165,4.0,1.1292344482553947,0.5939062442486025,-0.06453852113757064,0.42857142857142855,11,1,11,0.6777614524049864,15,1.4722222222222223,23,0.2222222222222222,0.027777777777777776,0.3611111111111111,0.027777777777777776,15,0.4166666666666667,4,0.75,0.08919835445585526,0.0,0.04459917722792763,alloy,2021,1.0835799965597792,0,3 2 4 3 2 0 2 1 1 5 7 9,термины
x65,2026,93,81.0,9.133607526838416,11.0,2.585415486979128,1.1385714410160557,0.4191452120122441,0.5555555555555556,11,0,12,0.25623508461435396,12,1.2688172043010753,36,0.3333333333333333,0.043010752688172046,0.4731182795698925,0.08602150537634409,59,0.6344086021505376,3,0.5161290322580645,0.008812336153055723,0.08,0.04440616807652786,hydrate,2021,0.44760223572192726,0,4 4 1 2 1 4 2 2 7 15 21 45,термины
sio2,2026,46,17.0,2.0534894098124696,12.0,3.0443799362573394,-0.3279024127123097,-1.8000582720427503,0.17647058823529413,11,2,10,0.6275670787771347,17,1.7173913043478262,21,0.30434782608695654,0.021739130434782608,0.34782608695652173,0.06521739130434782,13,0.2826086956521739,4,0.717391304347826,0.08824543559973508,0.0,0.04412271779986754,alkali,2021,1.2559863504079538,0,2 0 1 0 6 9 3 4 5 4 10 3,термины
embrittlement susceptibility,2026,60,48.0,5.613988481402117,12.0,2.7739549616121777,0.6245806170215865,0.11081436634029052,0.4375,11,3,9,0.06897783812376884,3,1.4166666666666667,27,0.5166666666666667,0.1,0.5166666666666667,0.1,41,0.6833333333333333,2,0.48333333333333334,0.008058009635082594,0.08,0.044029004817541295,leak detection gas,2021,0.14297004870691044,0,1 0 3 0 0 3 1 4 7 12 15 21,термины
in-service,2026,33,17.0,1.9192177477078383,8.0,2.1855704626471066,-0.1044489250397188,0.10536051565782656,0.5294117647058824,10,0,11,0.4966482626828405,8,1.5757575757575757,15,0.3333333333333333,0.09090909090909091,0.30303030303030304,0.0,11,0.3333333333333333,3,0.7575757575757576,0.08767601024946789,0.0,0.043838005124733945,glycol,2021,0.6879241944365024,0,0 3 1 3 2 2 3 3 2 3 5 9,термины
inland,2026,18,13.0,1.4721790033472149,5.0,1.5258848440747077,-0.026867540606842842,-0.5389965007326869,0.46153846153846156,7,1,7,0.5932604036653845,9,1.8888888888888888,14,0.2777777777777778,0.1111111111111111,0.5555555555555556,0.0,5,0.2777777777777778,3,0.8888888888888888,0.0873392458407058,0.0,0.0436696229203529,scale-up,2021,1.7593692290180638,0,0 0 0 0 1 1 3 2 0 2 5 6,термины
cyanobacteria,2026,10,11.5,1.289238661392112,0.0,0.0,1.274937381103423,-1.4939250253122558,0.391304347826087,2,0,3,0.40843137199002016,4,1.6,8,0.1,0.0,0.5,0.3,4,0.4,2,0.8,0.04617391879831423,0.04,0.04308695939915712,spectrometer,2018,0.6936585202743203,0,0 0 0 0 0 0 0 0 0 1 6 4,термины
model-based,2026,29,18.5,2.3742787216666783,5.0,1.3283583032932282,0.4523833011625949,0.42381424677636126,0.24324324324324326,11,1,11,0.7541962354616123,15,1.1724137931034482,17,0.034482758620689655,0.0,0.41379310344827586,0.1724137931034483,13,0.4482758620689655,4,0.8275862068965517,0.005739769729681171,0.08,0.042869884864840585,bayesian,2021,1.0394229695713104,0,1 1 0 2 2 1 2 1 2 9 5 4,термины
cfd simulation,2026,20,11.0,1.4631543196856367,6.0,1.3816852906036967,0.04238471995043866,2.0794415416798357,0.2727272727272727,9,3,7,0.8755776673507596,15,1.55,10,0.4,0.15,0.45,0.15,8,0.4,4,0.9,0.0856446578197322,0.0,0.0428223289098661,hydrothermal,2021,0.5221433953540757,0,0 0 2 2 0 0 0 3 3 7 1 3,термины
ethylenimine,2026,38,24.5,3.0489807640832147,10.0,2.1781807107550306,0.281522728818226,-2.6706944145584415,0.061224489795918366,11,5,7,0.21984197208554926,7,0.2894736842105263,3,0.05263157894736842,0.0,0.7894736842105263,0.10526315789473684,15,0.39473684210526316,1,0.5526315789473685,0.0055203584475415025,0.08,0.042760179223770754,light irradiation,2021,0.7492363493474354,0,2 0 0 0 2 0 0 3 7 7 16 2,термины
transportation pipeline,2026,40,21.5,2.721139630442259,10.0,2.5732337923179895,0.047004859678955443,-0.38711596943996796,0.20930232558139536,10,0,11,0.7102056652598546,20,2.025,25,0.375,0.125,0.375,0.05,10,0.25,4,0.925,0.005215215160311335,0.08,0.042607607580155665,high-pressure,2021,2.1107559024865643,1,0 2 1 3 2 2 2 5 3 9 8 4,термины
photoelectrochemical,2026,30,17.5,2.0709047390274513,8.0,2.3936813838333704,-0.11827165123285202,0.3483066942682158,0.42857142857142855,11,3,9,0.5399981890033462,11,2.466666666666667,22,0.26666666666666666,0.0,0.26666666666666666,0.03333333333333333,8,0.26666666666666666,4,0.9,0.005127952448963264,0.08,0.04256397622448163,alkali,2021,1.2559863504079538,0,2 1 0 0 0 4 5 2 1 5 5 8,термины
augmentation,2026,18,15.0,1.7034196091976022,4.0,0.796495420151334,0.5303457278827324,-1.1143606456362483,0.4,6,2,5,0.6169010834565022,9,1.7777777777777777,11,0.4444444444444444,0.05555555555555555,0.3333333333333333,0.05555555555555555,5,0.2777777777777778,4,1.0,0.004211750354829247,0.08,0.042105875177414626,pipeline inspection,2021,0.5311575719828165,0,0 0 0 0 0 1 0 0 4 2 7 6,термины
geomechanical,2026,49,28.0,3.3288900497840737,13.0,2.7861366562733156,0.1528623507835189,-0.7478720802491918,0.32142857142857145,11,1,11,0.3367149146625913,12,1.6122448979591837,27,0.12244897959183673,0.14285714285714285,0.3469387755102041,0.08163265306122448,21,0.42857142857142855,2,0.7142857142857143,0.004182485707515234,0.08,0.04209124285375762,co2 separation,2021,0.4320322786529218,0,1 1 2 2 0 5 1 1 11 7 12 9,термины
hzsm-5,2026,17,12.0,1.4753878951865016,2.0,0.5957742508571466,0.5893035898800373,-0.5877866649021188,0.25,10,4,7,0.6026639111905717,7,2.176470588235294,15,0.35294117647058826,0.058823529411764705,0.23529411764705882,0.17647058823529413,8,0.47058823529411764,3,1.0,0.004082558049409324,0.08,0.04204127902470466,green hydrogen,2021,3.13777952785126,1,0 2 0 0 2 0 1 1 0 4 5 3,термины
measurement-based,2026,33,24.5,2.968191119587985,11.0,2.3878889461976485,0.18310740009570795,1.1614131899071403,0.42857142857142855,6,0,7,0.17937144178031258,5,2.090909090909091,19,0.12121212121212122,0.030303030303030304,0.48484848484848486,0.3333333333333333,12,0.36363636363636365,3,0.5757575757575758,0.0035798527113294486,0.08,0.041789926355664725,satellite,2020,1.979434965777871,0,0 0 0 0 0 1 1 1 9 9 5 10,термины
high-capacity,2026,16,10.5,1.2080806009416947,5.0,1.057933328648066,0.0920101308757485,-0.4155154439616655,0.42857142857142855,11,5,7,0.5229792966721749,7,2.0625,14,0.3125,0.125,0.4375,0.1875,4,0.25,3,0.8125,0.0034613518823623634,0.08,0.04173067594118118,green hydrogen,2021,3.13777952785126,1,1 0 0 0 1 0 0 1 4 2 4 4,термины
oxy-fuel,2026,45,31.0,3.8825244134083126,10.0,2.646132226181672,0.33145107476583957,0.3364722366212125,0.2903225806451613,9,0,10,0.5360064829401218,13,1.9333333333333333,29,0.2222222222222222,0.0,0.26666666666666666,0.06666666666666667,13,0.28888888888888886,3,0.7333333333333333,0.043435064576722186,0.04,0.041717532288361094,partial oxidation,2021,0.4431581496758088,0,0 0 1 2 3 1 3 4 3 13 9 9,термины
gulf,2026,53,34.0,4.007169399995084,15.0,3.8910077152064333,0.0261105803504439,-0.6539264674066638,0.35294117647058826,11,1,11,0.5757491299865213,22,2.547169811320755,28,0.07547169811320754,0.03773584905660377,0.4716981132075472,0.2641509433962264,19,0.3584905660377358,4,0.6226415094339622,0.0025237501786004703,0.08,0.04126187508930024,spectrometer,2021,0.3149917413997007,0,1 1 2 0 1 3 3 8 4 8 14 12,термины
perceptions,2026,23,16.5,2.0051891459171856,6.0,1.2570571836858997,0.35472388415600337,-0.6623755218931913,0.2727272727272727,9,3,7,0.6608654394008071,12,1.434782608695652,12,0.0,0.0,0.4782608695652174,0.08695652173913043,9,0.391304347826087,4,0.782608695652174,0.0018300761476408485,0.08,0.04091503807382042,light irradiation,2021,0.7492363493474354,0,0 0 1 0 1 0 0 1 5 5 7 4,термины
brine salinity,2026,16,10.5,1.2924475532313986,1.0,0.3343363423604146,0.7647007037776761,-1.5892352051165808,0.14285714285714285,10,4,7,0.16714111079989913,3,1.5625,15,0.125,0.0625,0.5,0.0625,7,0.4375,1,0.9375,0.001784175036455439,0.08,0.04089208751822772,light irradiation,2021,0.7492363493474354,0,0 1 2 0 0 2 1 0 0 3 6 2,термины
indonesia,2026,44,26.0,3.2164786386981667,8.0,2.174986082242323,0.3288324400391097,-0.7213180575266414,0.23076923076923078,11,0,12,0.8240548506492873,26,1.5681818181818181,25,0.06818181818181818,0.022727272727272728,0.11363636363636363,0.022727272727272728,13,0.29545454545454547,4,0.9318181818181818,0.04129263324564549,0.04,0.04064631662282275,plasma,2021,1.1351489203458949,0,2 2 1 1 4 2 2 5 1 9 11 6,термины
temperature-vacuum swing adsorption,2026,23,12.0,1.5098501376612778,7.0,1.726606013368895,-0.10241829809055848,-0.040821994520255034,0.25,7,0,8,0.11344714269915647,3,1.2173913043478262,13,0.08695652173913043,0.08695652173913043,0.6086956521739131,0.43478260869565216,15,0.6521739130434783,1,0.5217391304347826,0.0012726583038918371,0.08,0.04063632915194592,swing adsorption,2021,1.0444030513005438,0,0 0 0 0 2 3 2 1 4 5 4 3,термины
shales,2026,18,10.0,1.1752228043865616,2.0,0.46056176353456557,0.5561831692923515,-1.0986122886681093,0.3,10,2,9,0.4027480988826097,5,1.7222222222222223,10,0.2777777777777778,0.0,0.5555555555555556,0.0,7,0.3888888888888889,3,0.7777777777777778,0.08109492567417283,0.0,0.04054746283708641,pipeline inspection,2021,0.5311575719828165,0,0 1 2 0 1 3 0 1 1 2 5 3,термины
methaneair,2026,15,15.0,1.8412685790967076,2.0,0.398247710075667,0.9580023125996537,1.1192315758708453,0.4,3,0,4,-0.0,1,1.2,6,0.06666666666666667,0.0,1.0,0.5333333333333333,10,0.6666666666666666,1,0.26666666666666666,0.0010080131761658912,0.08,0.040504006588082946,capture direct air,2021,1.8795543706443487,0,0 0 0 0 0 0 0 0 2 6 3 6,термины
electrosynthesis,2026,27,16.5,1.9208221936274814,9.0,2.249481830362359,-0.1273052367017509,0.16598513747426114,0.45454545454545453,8,1,8,0.43917355238092676,9,3.0,20,0.4444444444444444,0.0,0.48148148148148145,0.037037037037037035,9,0.3333333333333333,3,0.8518518518518519,0.040664763921716585,0.04,0.040332381960858296,rational design,2021,0.7611323868465383,0,0 0 0 3 0 1 2 3 4 4 5 8,термины
microscale,2026,18,15.0,1.584590414433122,4.0,1.1292344482553947,0.24646215119100578,-1.5892352051165806,0.6,7,1,7,0.9200625111439563,15,2.8333333333333335,12,0.4444444444444444,0.05555555555555555,0.6111111111111112,0.16666666666666666,5,0.2777777777777778,3,0.8888888888888888,0.04066325390451261,0.04,0.040331626952256304,mass spectrometry,2021,0.580431105252682,0,0 0 0 0 1 1 2 1 1 0 6 9,термины
sentinel-5p,2026,25,13.5,1.6583282371416044,12.0,3.0443799362573394,-0.4960292747421655,0.27763173659827967,0.3333333333333333,6,0,7,0.20549937716457578,5,1.8,14,0.08,0.08,0.4,0.28,9,0.36,2,0.8,0.0005549744824784333,0.08,0.04027748724123922,airborne,2021,0.6399347180505123,0,0 0 0 0 0 1 3 4 5 5 4 4,термины
nanostructures,2026,23,15.5,1.6519104534630313,7.0,1.8512341202866924,-0.08858431728842901,-0.083381608939051,0.6774193548387096,10,2,9,0.8197372116664484,15,2.5217391304347827,20,0.30434782608695654,0.0,0.43478260869565216,0.13043478260869565,6,0.2608695652173913,3,0.9565217391304348,0.08053560651827185,0.0,0.040267803259135926,geothermal,2021,1.1490221983344777,0,0 1 2 0 1 0 2 3 2 1 4 10,термины
submarine,2026,23,10.0,1.1752228043865616,9.0,2.0519552895808797,-0.42091367159716564,-1.0986122886681093,0.3,11,2,10,0.8389602316192748,16,1.391304347826087,9,0.6086956521739131,0.08695652173913043,0.43478260869565216,0.08695652173913043,13,0.5652173913043478,4,0.8695652173913043,0.07989500429613287,0.0,0.03994750214806644,boron,2021,0.29633074818068783,0,2 0 1 1 1 0 1 2 6 2 5 3,термины
photothermal,2026,28,29.0,3.1914094958401553,4.0,0.796495420151334,1.046343568790843,0.39499380824086905,0.6206896551724138,6,2,5,0.4262873312525356,6,1.8214285714285714,10,0.5357142857142857,0.0,0.5,0.03571428571428571,16,0.5714285714285714,3,0.9285714285714286,0.07951879789523894,0.0,0.03975939894761947,geothermal,2021,1.1490221983344777,0,0 0 0 0 0 1 0 0 4 4 7 18,термины
segmentation,2026,33,30.5,3.424254547610186,4.0,0.8588094736102326,1.0605674796990772,0.048790164169431716,0.5409836065573771,9,3,7,0.773817420411837,19,1.4242424242424243,18,0.3333333333333333,0.0,0.3333333333333333,0.3333333333333333,9,0.2727272727272727,4,0.696969696969697,0.03945670552387988,0.04,0.039728352761939936,geothermal,2021,1.1490221983344777,0,0 0 1 0 3 0 0 1 3 5 9 16,термины
multifunctional,2026,45,30.0,3.5945928981092377,9.0,2.187167776903461,0.42117953006588427,-0.7783049889002513,0.3,11,0,12,0.7347631770920923,23,2.0444444444444443,23,0.24444444444444444,0.0,0.3111111111111111,0.044444444444444446,14,0.3111111111111111,3,0.8444444444444444,0.03887994890449326,0.04,0.03943997445224663,plasma,2021,1.1351489203458949,0,1 3 2 1 1 1 2 2 5 8 13 9,термины
energy efficient direct,2026,10,10.0,1.04095114228193,3.0,0.5973715651135006,0.3394820164664927,2.9957322735539913,0.9,3,1,3,0.45814600780483383,3,0.8,4,0.0,0.0,0.5,0.0,6,0.6,2,0.7,0.03878669096014619,0.04,0.039393345480073096,slurry,2018,0.41857880456056507,0,0 0 0 0 0 0 0 0 3 1 0 9,термины
machine learning-based,2026,13,11.0,1.359767592261308,3.0,0.784313725490196,0.37022701960413196,-0.2231435513142097,0.2727272727272727,4,1,4,0.8336995972754956,9,1.6153846153846154,10,0.23076923076923078,0.0,0.38461538461538464,0.07692307692307693,8,0.6153846153846154,3,0.9230769230769231,0.03852095173913698,0.04,0.03926047586956849,electromagnetic,2020,0.9265784690293783,0,0 0 0 0 0 0 0 3 0 4 4 3,термины
digestion,2026,44,18.5,2.186525041952645,10.0,2.5215041192638754,-0.11750620758847065,0.04000533461369926,0.40540540540540543,11,0,12,0.7471887343718211,23,1.8636363636363635,23,0.11363636363636363,0.022727272727272728,0.25,0.0,11,0.25,3,0.9772727272727273,0.03447552848533471,0.04,0.03723776424266735,microstructure,2021,1.7519200657494256,0,1 4 2 1 7 3 3 2 5 5 6 8,термины
x80 steel,2026,35,25.0,2.8631999462440128,8.0,2.2478845161060055,0.20206153694656512,-0.03774032798284743,0.48,11,1,11,0.30654574477291635,6,1.2285714285714286,7,0.8571428571428571,0.05714285714285714,0.7142857142857143,0.02857142857142857,19,0.5428571428571428,2,0.6571428571428571,0.034435353732665076,0.04,0.03721767686633254,post-combustion carbon,2021,0.6646724518331113,0,1 0 1 1 1 2 3 4 1 5 8 12,термины
eddy,2026,38,26.5,2.9427535607747863,10.0,2.6567166065864565,0.08673916604161887,-0.735347535050322,0.5094339622641509,10,1,10,0.6673438867674408,17,2.5,22,0.3157894736842105,0.10526315789473684,0.39473684210526316,0.05263157894736842,12,0.3157894736842105,4,0.7105263157894737,0.07425605230607144,0.0,0.03712802615303572,mass spectrometry,2021,0.580431105252682,0,0 1 1 2 2 0 4 2 4 3 10 14,термины
hydrocarbon generation,2026,16,13.5,1.5394990423771242,3.0,0.659685618572399,0.564555260323244,0.7537718023763802,0.5555555555555556,9,3,7,0.3741601905467145,5,1.5,3,0.625,0.125,0.625,0.0625,6,0.375,3,0.75,0.033484204800391874,0.04,0.03674210240019594,hydrothermal,2021,0.5221433953540757,0,0 0 1 0 0 1 0 1 2 3 3 8,термины
static mixers,2026,11,13.5,1.4361123149527952,0.0,0.0,1.3538291816534864,-1.7517541346143557,0.5555555555555556,1,0,2,0.7372137942564656,7,1.7272727272727273,6,0.6363636363636364,0.0,0.2727272727272727,0.0,5,0.45454545454545453,2,0.9090909090909091,0.03341609583674674,0.04,0.03670804791837337,carbon neutrality,2021,4.3039994635356,1,0 0 0 0 0 0 0 0 0 0 6 8,термины
dual-function,2026,17,17.0,1.969122457522766,1.0,0.1991238550378335,1.2617901707068109,-1.062244644497235,0.35294117647058826,6,2,5,0.7409582495218785,10,2.0,14,0.23529411764705882,0.0,0.17647058823529413,0.11764705882352941,8,0.47058823529411764,4,0.8235294117647058,0.03250597630519575,0.04,0.03625298815259788,boron,2021,0.29633074818068783,0,0 0 0 0 0 1 0 0 1 3 8 6,термины
hydrogen-doped,2026,15,13.0,1.6064506654518464,2.0,0.398247710075667,0.8523137843207784,-3.4094961844768505,0.0,3,1,3,0.8035987149258063,10,1.6666666666666667,6,0.9333333333333333,0.13333333333333333,0.5333333333333333,0.0,9,0.6,2,0.7333333333333333,0.03148291587774824,0.04,0.03574145793887412,joint,2017,1.328623205355249,0,0 0 0 0 0 0 0 0 2 3 10 0,термины
nanosheets,2026,37,18.5,2.152062799477869,12.0,3.5852298855476636,-0.432040250172728,-0.40937900742930045,0.40540540540540543,10,1,10,0.6807996917977911,15,2.2432432432432434,12,0.7837837837837838,0.02702702702702703,0.5405405405405406,0.08108108108108109,19,0.5135135135135135,3,0.6216216216216216,0.07116887048489189,0.0,0.03558443524244594,life-cycle,2021,1.380999639926633,0,0 1 0 2 3 3 7 4 1 4 7 8,термины
catalytic methane,2026,54,46.0,5.363728100417106,7.0,1.664291959909997,0.9966923272504522,-0.5465437063680696,0.391304347826087,11,3,9,0.4355497543489412,15,1.6481481481481481,26,0.1111111111111111,0.018518518518518517,0.2962962962962963,0.07407407407407407,35,0.6481481481481481,3,0.5925925925925926,0.029986078201593904,0.04,0.03499303910079695,methane decomposition,2021,1.3616573851336096,0,1 0 0 1 2 3 2 0 5 10 18 18,термины
learning-based,2026,31,27.0,3.2132697468588804,7.0,1.6431231991004287,0.5496486179383255,-0.5877866649021191,0.3333333333333333,4,0,5,0.7583058029403252,16,2.032258064516129,21,0.3870967741935484,0.03225806451612903,0.41935483870967744,0.16129032258064516,13,0.41935483870967744,3,0.9032258064516129,0.029845343559511968,0.04,0.034922671779755984,north,2019,1.0022975203220115,0,0 0 0 0 0 0 0 4 3 7 11 9,термины
optimal design,2026,46,21.5,2.4989237082534497,15.0,4.193185831065948,-0.44785817314656684,-1.0462864696663703,0.3488372093023256,11,0,12,0.7115746926799553,24,2.239130434782609,29,0.2608695652173913,0.021739130434782608,0.41304347826086957,0.021739130434782608,22,0.4782608695652174,4,0.7608695652173914,0.029300728187690035,0.04,0.03465036409384502,microbial,2021,0.729584621568046,0,2 1 2 3 1 3 8 2 5 4 10 8,термины
anisotropy,2026,31,12.5,1.4048589643173057,7.0,1.9970309880140575,-0.27069444995949954,-1.7609878105613008,0.36,11,1,11,0.5866394839001644,11,1.1935483870967742,12,0.22580645161290322,0.03225806451612903,0.2903225806451613,0.0967741935483871,10,0.3225806451612903,3,0.7741935483870968,0.02929477555164038,0.04,0.03464738777582019,onboard,2021,0.8507653777603326,0,5 3 0 1 2 2 4 1 2 1 7 4,термины
alkaline earth,2026,19,11.0,1.275400639971604,6.0,1.5792118313851764,-0.15796278456533397,1.1349799328389842,0.5454545454545454,10,1,10,0.5628306248848605,8,1.4210526315789473,10,0.3684210526315789,0.0,0.42105263157894735,0.0,5,0.2631578947368421,3,0.8947368421052632,0.029072909066040046,0.04,0.034536454533020025,reforming natural,2021,0.33556409845061047,0,0 1 0 1 1 1 1 4 1 3 2 6,термины
fluidized bed reactor,2026,30,10.5,1.326909795706175,10.0,2.510919738859091,-0.4996196898952951,-1.0577902941478545,0.14285714285714285,9,0,10,0.6406831579730002,13,1.5333333333333334,18,0.13333333333333333,0.0,0.26666666666666666,0.03333333333333333,15,0.5,3,0.8,0.027431996891210172,0.04,0.033715998445605085,biodiesel,2021,0.6939980628836305,0,0 0 3 3 3 1 2 4 4 4 5 2,термины
atomically dispersed,2026,16,10.5,1.1237136486519905,8.0,2.4559954372922688,-0.5991195580728088,0.6359887667199965,0.7142857142857143,5,1,5,0.5054455553999496,5,3.3125,13,0.75,0.0,0.75,0.0,6,0.375,2,0.5,0.02692698126016257,0.04,0.033463490630081284,efficient catalysts,2021,0.6892390794878744,0,0 0 0 0 0 0 5 3 0 1 2 8,термины
surface methodology,2026,30,17.0,1.9346602150479895,9.0,2.187167776903461,-0.09868056319316856,-1.5606477482646686,0.35294117647058826,11,1,11,0.6941746228664328,13,1.6,20,0.16666666666666666,0.06666666666666667,0.3,0.0,9,0.3,4,1.0,0.024411552573989453,0.04,0.032205776286994725,liquid hydrogen,2021,1.4627803925830403,0,1 1 0 2 1 1 2 2 5 2 9 6,термины
x60,2026,32,22.0,2.5662437472833592,7.0,1.9347169345551591,0.23062277624756647,-0.30010459245033827,0.4090909090909091,10,3,8,0.33310484747351465,6,1.4375,16,0.34375,0.09375,0.40625,0.03125,20,0.625,2,0.5625,0.023346145241236953,0.04,0.03167307262061848,leak detection gas,2021,0.14297004870691044,0,0 3 0 1 2 0 4 0 3 5 8 9,термины
shock tube,2026,11,10.0,1.125318094571634,2.0,0.398247710075667,0.593012949439826,0.8472978603872034,0.6,8,4,5,0.3167558650668105,3,2.8181818181818183,10,0.18181818181818182,0.09090909090909091,0.36363636363636365,0.18181818181818182,4,0.36363636363636365,2,0.6363636363636364,0.021215449499288764,0.04,0.030607724749644384,green hydrogen,2021,3.13777952785126,1,0 0 0 1 0 0 0 0 2 2 2 6,термины
climate impact,2026,26,19.0,2.2193828385077783,6.0,1.2570571836858997,0.43676460207285683,0.5108256237659909,0.47368421052631576,11,5,7,0.5701766695256294,11,1.5769230769230769,16,0.038461538461538464,0.0,0.46153846153846156,0.2692307692307692,7,0.2692307692307692,3,0.7692307692307693,0.019628093030173866,0.04,0.029814046515086935,green hydrogen,2021,3.13777952785126,1,2 0 0 0 0 2 0 1 5 5 5 9,термины
oilfield,2026,48,28.0,3.278985339969146,13.0,2.9836631970547955,0.0813711620402613,0.039220713153280684,0.42857142857142855,11,1,11,0.5575574224814374,15,1.2916666666666667,13,0.5625,0.25,0.5208333333333334,0.0625,15,0.3125,4,0.875,0.019073636292439505,0.04,0.02953681814621975,concentration co2,2021,0.4131587612882983,0,3 0 2 2 3 1 2 2 9 7 9 12,термины
variational,2026,28,18.0,2.1346474702628875,5.0,1.2554598694295456,0.4060185292105416,-2.357309992683292,0.16666666666666666,10,1,10,0.6435954518140152,13,1.5357142857142858,7,0.6785714285714286,0.0,0.35714285714285715,0.07142857142857142,7,0.25,3,0.9285714285714286,0.05892561748087628,0.0,0.02946280874043814,mexico,2021,0.6920495055923804,0,0 1 1 1 0 3 1 2 2 3 12 3,термины
joule,2026,40,37.5,4.268058910561318,5.0,1.317773922888444,0.9643266519139407,-0.7370664144947805,0.44,8,2,7,0.5722478376143447,16,1.675,15,0.35,0.075,0.575,0.25,11,0.275,3,0.7,0.01888886649042877,0.04,0.029444433245214386,geothermal,2021,1.1490221983344777,0,0 0 0 3 0 0 1 3 1 6 15 16,термины
foam,2026,62,41.5,5.0906050143500075,8.0,1.9986283022704114,0.8053456106549395,0.16862271243579308,0.3253012048192771,11,1,11,0.7255927566487224,27,1.6290322580645162,21,0.3709677419354839,0.08064516129032258,0.4838709677419355,0.04838709677419355,29,0.46774193548387094,4,0.7903225806451613,0.018721244587878005,0.04,0.029360622293939,life-cycle,2021,1.380999639926633,0,3 5 1 1 5 2 3 0 5 15 13 14,термины
induction heating,2026,10,10.0,1.2441472893361143,1.0,0.1991238550378335,0.9141931403643332,0.2231435513142097,0.3,3,0,4,0.6387640052032224,5,1.7,6,0.1,0.0,0.3,0.2,4,0.4,1,0.8,0.018600720331109905,0.04,0.029300360165554953,organic compounds,2018,0.45351166197471326,0,0 0 0 0 0 0 0 0 1 4 3 3,термины
bifunctional,2026,43,16.5,1.9208221936274814,14.0,3.515526080196689,-0.5060611356071257,0.16598513747426114,0.45454545454545453,10,1,10,0.5764152358217606,15,2.441860465116279,21,0.3488372093023256,0.0,0.4186046511627907,0.0,16,0.37209302325581395,3,0.813953488372093,0.05767931088758577,0.0,0.028839655443792887,alloy,2021,1.0835799965597792,0,0 3 0 2 1 9 4 3 7 4 5 8,термины
attention mechanism,2026,12,12.0,1.3565587004220214,2.0,0.5334601973982481,0.585812026036784,-0.17435338714477755,0.5,5,1,5,0.6570190181162902,6,1.3333333333333333,1,0.8333333333333334,0.08333333333333333,0.3333333333333333,0.0,3,0.25,3,0.75,0.01606069014849298,0.04,0.02803034507424649,mexico,2019,0.8793332752652039,0,0 0 0 0 0 0 1 0 1 2 4 6,термины
biogas upgrading,2026,34,18.0,2.0693002931078084,11.0,2.6477295404380263,-0.20304780979017795,0.32850406697203627,0.5,11,1,11,0.5540627760905568,10,1.9411764705882353,23,0.17647058823529413,0.058823529411764705,0.29411764705882354,0.029411764705882353,10,0.29411764705882354,3,0.8235294117647058,0.05601057614379213,0.0,0.028005288071896065,jet fuel,2021,0.7829423238028309,0,1 2 0 3 1 1 2 3 6 4 5 9,термины
solid sorbent direct,2026,19,13.5,1.6583282371416044,6.0,1.3922696710084808,0.13155696502636277,0.27763173659827967,0.3333333333333333,7,1,7,0.3395792636822195,6,1.2105263157894737,11,0.0,0.05263157894736842,0.631578947368421,0.2631578947368421,11,0.5789473684210527,1,0.6842105263157895,0.01563106815017003,0.04,0.027815534075085017,combustion co2,2020,0.11671465411022325,0,0 0 0 0 1 0 1 1 4 5 4 4,термины
multilayer,2026,24,19.0,2.269287548322706,6.0,1.6521102652488588,0.252141204859924,-0.6567795363890707,0.3157894736842105,8,2,7,0.8954028613236877,19,2.0,16,0.2916666666666667,0.0,0.16666666666666666,0.0,8,0.3333333333333333,4,0.9166666666666666,0.015356547961829621,0.04,0.02767827398091481,alkali,2021,1.2559863504079538,0,0 0 0 1 0 0 2 3 1 5 8 6,термины
motions,2026,24,10.5,1.1581758911267668,1.0,0.1991238550378335,0.863645500960395,1.85238409104449,0.7142857142857143,11,2,10,0.6250321483695324,10,1.5,11,0.375,0.0,0.5416666666666666,0.0,6,0.25,3,0.7916666666666666,0.05477755433497111,0.0,0.027388777167485556,hydrogen evolution,2021,0.6830102309216453,0,2 2 2 4 2 3 0 0 1 2 1 8,термины
cycle greenhouse,2026,30,16.0,1.9723313493620527,10.0,2.5838181727227734,-0.2210069240850601,-1.2163953243244934,0.1875,11,3,9,0.6415183987703948,11,1.7,16,0.06666666666666667,0.13333333333333333,0.43333333333333335,0.03333333333333333,11,0.36666666666666664,3,0.6333333333333333,0.014330184770174472,0.04,0.027165092385087235,pipeline inspection,2021,0.5311575719828165,0,2 1 0 0 0 2 3 3 4 5 8 3,термины
sequestration potential,2026,21,14.0,1.7755529859864414,5.0,1.057933328648066,0.3788629400051741,-0.2513144282809059,0.21428571428571427,7,1,7,0.4350989811089401,7,1.4761904761904763,10,0.19047619047619047,0.0,0.2857142857142857,0.2857142857142857,8,0.38095238095238093,2,0.8571428571428571,0.013973329749688037,0.04,0.026986664874844017,gas infrastructure,2021,1.6384135704340175,0,0 0 0 0 1 2 0 1 4 6 5 3,термины
steam-assisted,2026,19,12.5,1.5082456917416345,5.0,1.182561435565863,0.17694425446724948,0.09531017980432499,0.36,10,4,7,0.44221035011619814,7,1.2105263157894737,11,0.15789473684210525,0.0,0.7368421052631579,0.3157894736842105,5,0.2631578947368421,2,0.5789473684210527,0.013765080545366924,0.04,0.026882540272683463,optimisation,2021,1.7142037084557202,0,0 1 0 0 0 2 0 3 2 4 4 4,термины
diamine,2026,22,11.5,1.4615498737659935,8.0,2.2478845161060055,-0.3370964360860776,2.264363880173848,0.391304347826087,9,0,10,0.44081129074918207,7,1.3636363636363635,10,0.13636363636363635,0.09090909090909091,0.2727272727272727,0.13636363636363635,8,0.36363636363636365,3,0.8636363636363636,0.013476915692502273,0.04,0.02673845784625114,post,2021,0.46330395608645286,0,0 0 1 1 1 1 3 4 1 6 1 4,термины
tvsa,2026,39,23.5,2.749184089238462,15.0,3.901592095611218,-0.30356240002921697,0.22937410106484601,0.44680851063829785,9,2,8,0.2237933968538665,8,1.2307692307692308,18,0.1282051282051282,0.02564102564102564,0.5384615384615384,0.28205128205128205,13,0.3333333333333333,1,0.5897435897435898,0.013012726559144308,0.04,0.026506363279572155,adsorbents,2021,1.7057943380259617,0,0 0 1 0 0 3 4 6 5 6 7 10,термины
zro2,2026,19,10.0,1.0563936096220814,5.0,1.317773922888444,-0.1552412769270983,-1.2729656758128873,0.6,11,2,10,0.6386936630746175,9,2.1578947368421053,17,0.5263157894736842,0.05263157894736842,0.47368421052631576,0.0,11,0.5789473684210527,3,0.8421052631578947,0.05278580169025182,0.0,0.02639290084512591,methane decomposition,2021,1.3616573851336096,0,1 0 1 1 1 2 1 3 1 0 4 6,термины
so2,2026,27,12.0,1.3565587004220214,7.0,1.6537075795052125,-0.14846619955734455,-0.17435338714477755,0.5,11,1,11,0.8597933880952315,19,2.037037037037037,27,0.037037037037037035,0.0,0.2962962962962963,0.037037037037037035,7,0.25925925925925924,4,0.8518518518518519,0.012183377033920483,0.04,0.02609168851696024,jet fuel,2021,0.7829423238028309,0,2 1 2 2 3 0 1 2 4 2 4 6,термины
membrane-based,2026,54,41.0,5.004265200185473,9.0,2.114269343039778,0.7445386340962707,-1.2215104249912634,0.21951219512195122,9,1,9,0.47113616950544385,14,1.2962962962962963,28,0.018518518518518517,0.018518518518518517,0.2962962962962963,0.07407407407407407,19,0.35185185185185186,3,0.7407407407407407,0.011748930605025997,0.04,0.025874465302513,energy storage,2021,1.0416030938623486,0,0 0 2 0 3 2 1 3 5 12 20 9,термины
relative permeability,2026,22,10.5,1.1736183584669184,7.0,1.9241325541503749,-0.3704857864918314,-1.1856236656577392,0.42857142857142855,11,1,11,0.17732460447003323,4,1.5454545454545454,10,0.3181818181818182,0.045454545454545456,0.5454545454545454,0.09090909090909091,7,0.3181818181818182,1,0.6363636363636364,0.011653675162364652,0.04,0.025826837581182326,capture plant,2021,0.33365765996583097,0,1 2 1 1 0 1 3 2 2 1 5 4,термины
re-liquefaction,2026,43,14.0,1.5723568389322573,13.0,3.4516147124814367,-0.6454377542209253,1.491654876777717,0.6428571428571429,11,0,12,0.30750219908499654,10,0.9069767441860465,12,0.27906976744186046,0.0,0.37209302325581395,0.09302325581395349,34,0.7906976744186046,2,0.6511627906976745,0.01133931628330209,0.04,0.025669658141651047,re-liquefaction,2021,0.31879853188437274,0,2 5 1 4 4 3 5 3 5 3 2 9,термины
iron-based,2026,35,11.0,1.359767592261308,11.0,2.980468568542087,-0.6267154013341771,-0.2231435513142097,0.2727272727272727,11,0,12,0.4528870663639861,10,1.8857142857142857,16,0.2571428571428571,0.05714285714285714,0.37142857142857144,0.05714285714285714,17,0.4857142857142857,3,0.7428571428571429,0.010883146689594272,0.04,0.025441573344797137,ngcc power,2021,0.4773270017776686,0,3 1 2 3 1 4 4 4 3 4 4 3,термины
extrapolation,2026,16,12.5,1.439321206792082,4.0,0.9317079074739153,0.3034699459371482,-1.0884599172040914,0.36,11,6,6,0.6833646483360875,9,1.4375,10,0.1875,0.0,0.375,0.25,7,0.4375,4,0.9375,0.01087903942107566,0.04,0.02543951971053783,green hydrogen,2021,3.13777952785126,1,1 0 0 0 0 0 1 0 3 2 6 4,термины
mode decomposition,2026,22,14.5,1.7893910074069497,4.0,0.9940219609328137,0.426814060546701,-2.079441541679836,0.10344827586206896,11,3,9,0.543270011852213,9,1.2272727272727273,4,0.7272727272727273,0.0,0.3181818181818182,0.13636363636363635,9,0.4090909090909091,2,0.8636363636363636,0.010752487021199335,0.04,0.025376243510599666,boron,2021,0.29633074818068783,0,1 1 0 0 0 2 1 1 2 4 9 2,термины
air capture applications,2026,29,26.0,3.166573928883239,5.0,1.057933328648066,0.8558975380635578,0.21072103131565267,0.34615384615384615,7,2,6,0.37224835055147104,9,1.3103448275862069,15,0.06896551724137931,0.0,0.4827586206896552,0.20689655172413793,11,0.3793103448275862,1,0.6551724137931034,0.01056934110019513,0.04,0.025284670550097567,geothermal,2021,1.1490221983344777,0,0 0 0 0 1 0 0 1 4 9 8 9,термины
utility-scale,2026,14,14.0,1.7256482761715137,0.0,0.0,1.4931954138181291,1.694595720774407,0.42857142857142855,9,5,5,0.7071525133779581,8,2.0,8,0.07142857142857142,0.0,0.5714285714285714,0.21428571428571427,5,0.35714285714285715,2,0.7857142857142857,0.01026446639965109,0.04,0.025132233199825545,hydrothermal,2021,0.5221433953540757,0,0 0 1 0 0 1 0 0 0 6 2 6,термины
nitrogen fixation,2026,57,43.0,5.189178404015407,15.0,4.026220202529015,0.2286786459269932,0.9212371558094801,0.4186046511627907,8,0,9,0.41037431983023803,13,2.175438596491228,28,0.5087719298245614,0.0,0.43859649122807015,0.05263157894736842,16,0.2807017543859649,2,0.7017543859649122,0.00977538714751122,0.04,0.02488769357375561,ammonia hydrogen,2021,1.7270731716862224,0,0 0 0 1 2 2 4 8 3 15 10 18,термины
geochemistry,2026,20,13.5,1.6583282371416044,4.0,0.9940219609328137,0.3678621717226468,0.27763173659827967,0.3333333333333333,11,3,9,0.42033144425624636,7,1.75,9,0.1,0.0,0.3,0.15,7,0.35,3,0.85,0.009580193079102402,0.04,0.0247900965395512,geothermal,2021,1.1490221983344777,0,2 1 0 0 1 0 1 1 2 5 4 4,термины
microwave-assisted,2026,22,17.5,2.0518849638928267,3.0,0.7219996720312976,0.7363436952595076,-1.7047480922384255,0.2571428571428571,10,3,8,0.6212189575560362,9,1.4090909090909092,14,0.045454545454545456,0.0,0.22727272727272727,0.09090909090909091,17,0.7727272727272727,3,0.8636363636363636,0.008498617311708775,0.04,0.02424930865585439,hydrolysis ammonia borane,2021,0.39600164539399635,0,0 1 1 0 1 0 0 2 1 3 10 4,термины
spray,2026,51,36.0,4.188505296030544,8.0,2.0503579753245256,0.6088800996579349,-0.3083013596545161,0.4166666666666667,10,0,11,0.6410976525623151,18,1.8627450980392157,26,0.17647058823529413,0.0,0.29411764705882354,0.0196078431372549,18,0.35294117647058826,4,0.8627450980392157,0.008305907057152015,0.04,0.024152953528576007,methanation,2021,1.080794586864195,0,0 2 1 3 3 3 2 3 3 8 13 15,термины
municipal solid,2026,52,30.5,3.558526209714818,13.0,3.222335030485605,0.08646873744578924,-1.0278432177799026,0.3442622950819672,10,1,10,0.5406441652566498,15,0.9615384615384616,21,0.057692307692307696,0.0,0.23076923076923078,0.057692307692307696,16,0.3076923076923077,3,0.8076923076923077,0.007831802550678313,0.04,0.023915901275339158,sofc,2021,0.7629441936046368,0,0 1 4 0 5 2 1 8 4 6 14 10,термины
low-flow,2026,10,11.0,1.2908431073117554,0.0,0.0,1.2758336991937442,-1.4069136483226263,0.2727272727272727,2,0,3,0.5903089986991943,5,0.9,4,0.0,0.0,0.3,0.2,6,0.6,4,0.7,0.007512788517137514,0.04,0.023756394258568757,gas wells,2017,0.8287523564768664,0,0 0 0 0 0 0 0 0 0 2 6 3,термины
baltic,2026,23,14.5,1.7394862975920218,5.0,1.3906723567521269,0.16931399801150093,-0.5776342934381009,0.3103448275862069,10,1,10,0.6957814413982157,12,1.608695652173913,17,0.08695652173913043,0.0,0.17391304347826086,0.17391304347826086,8,0.34782608695652173,4,0.8695652173913043,0.007023328034095402,0.04,0.0235116640170477,gas infrastructure,2021,1.6384135704340175,0,0 1 0 2 1 1 2 2 1 4 6 4,термины
algal,2026,21,12.0,1.4409256527117253,7.0,1.8618185006914763,-0.19626687360293732,-1.1192315758708455,0.25,11,3,9,0.5648357973829151,9,1.3333333333333333,13,0.047619047619047616,0.0,0.23809523809523808,0.14285714285714285,11,0.5238095238095238,3,0.8095238095238095,0.006052618354638768,0.04,0.023026309177319383,boron,2021,0.29633074818068783,0,1 0 0 1 0 1 3 1 3 3 6 3,термины
glycine,2026,16,11.5,1.5803790685304737,2.0,0.5334601973982481,0.6996375346316327,0.9162907318741551,0.13043478260869565,7,1,7,0.3741601905467145,5,1.4375,9,0.125,0.125,0.6875,0.0,4,0.25,1,0.9375,0.005912665596241708,0.04,0.022956332798120854,concentration co2,2021,0.4131587612882983,0,0 0 0 0 1 2 1 0 1 8 2 2,термины
solar-driven,2026,42,35.0,3.8696888460511665,8.0,2.2584688965107893,0.46001602613723847,0.2776317365982792,0.6,11,2,10,0.5332756374474371,10,2.4047619047619047,28,0.30952380952380953,0.023809523809523808,0.42857142857142855,0.11904761904761904,21,0.5,3,0.8333333333333334,0.04470537240797732,0.0,0.02235268620398866,methane decomposition,2021,1.3616573851336096,0,1 0 0 1 3 1 4 2 2 5 9 21,термины
pellets,2026,38,24.5,3.0525580718776886,10.0,2.3862916319412943,0.20769542180398826,0.37907835293496994,0.30612244897959184,11,1,11,0.6889042596320039,17,1.4210526315789473,23,0.07894736842105263,0.0,0.2894736842105263,0.07894736842105263,12,0.3157894736842105,3,0.7894736842105263,0.04466808920856709,0.0,0.022334044604283544,composites,2021,1.143698433773268,0,2 1 1 1 1 0 2 2 6 10 7 8,термины
high-strength,2026,50,42.5,4.899642442796687,11.0,2.5125170531154453,0.5835567774950944,-0.09309042306601167,0.4588235294117647,11,3,9,0.24827749183277853,9,1.98,24,0.32,0.02,0.4,0.1,23,0.46,3,0.8,0.004514618005537142,0.04,0.022257309002768573,geothermal,2021,1.1490221983344777,0,1 0 0 0 1 1 1 3 7 9 14 20,термины
spill,2026,18,11.5,1.427087631291217,4.0,0.9940219609328137,0.25453807787751587,1.2992829841302607,0.391304347826087,10,2,9,0.7667187592866301,11,1.1111111111111112,13,0.0,0.16666666666666666,0.2777777777777778,0.05555555555555555,7,0.3888888888888889,4,0.8888888888888888,0.004434007952415274,0.04,0.022217003976207638,pipeline inspection,2021,0.5311575719828165,0,0 2 0 1 0 1 1 1 2 5 2 4,термины
pei impregnated,2026,10,11.0,1.275400639971604,0.0,0.0,1.267173290678113,1.1349799328389842,0.5454545454545454,6,3,4,0.14118174150460758,2,1.3,3,0.0,0.0,0.8,0.0,3,0.3,1,0.9,0.0037222118246915134,0.04,0.021861105912345757,compositional,2020,0.6265738779421951,0,0 0 0 0 0 1 0 0 0 3 2 6,термины
ordos basin,2026,19,11.0,1.4286920772108604,1.0,0.1991238550378335,1.0147694565352434,1.1349799328389842,0.2727272727272727,11,4,8,0.21499495019036832,3,1.894736842105263,4,0.8947368421052632,0.10526315789473684,0.47368421052631576,0.0,13,0.6842105263157895,2,0.8421052631578947,0.0036596497124274517,0.04,0.021829824856213726,hydrolysis ammonia borane,2021,0.39600164539399635,0,3 3 1 0 0 1 0 0 1 6 2 3,термины
solvent-based,2026,39,26.0,3.1321116864084626,10.0,2.646132226181672,0.14364037723956607,-0.10536051565782634,0.34615384615384615,11,2,10,0.3372848064812421,11,1.4871794871794872,15,0.02564102564102564,0.02564102564102564,0.5641025641025641,0.1794871794871795,11,0.28205128205128205,2,0.5897435897435898,0.003635271850153819,0.04,0.02181763592507691,geothermal,2021,1.1490221983344777,0,1 0 1 1 0 3 3 4 3 8 9 9,термины
lignin,2026,23,11.5,1.392625388816441,6.0,1.5168977779262776,-0.06359561764905822,0.5415972824327444,0.391304347826087,11,1,11,0.6634092457223221,10,2.608695652173913,23,0.30434782608695654,0.0,0.34782608695652173,0.0,7,0.30434782608695654,4,0.9130434782608695,0.003608351262995712,0.04,0.021804175631497856,water splitting,2021,0.2920000762576828,0,1 0 2 1 1 2 1 3 2 4 3 4,термины
mdea,2026,22,10.5,1.1736183584669184,6.0,1.4545837244673792,-0.15518927782806285,-1.1856236656577392,0.42857142857142855,10,1,10,0.38227595600821906,7,1.5909090909090908,21,0.045454545454545456,0.045454545454545456,0.3181818181818182,0.09090909090909091,6,0.2727272727272727,3,0.9545454545454546,0.0033209343861795634,0.04,0.021660467193089783,co2 separation,2021,0.4320322786529218,0,0 1 1 1 0 4 1 2 3 1 5 4,термины
value chains,2026,37,26.0,3.1820163962233905,9.0,2.041370909176096,0.37075687242455924,-0.9867639885315405,0.23076923076923078,8,1,8,0.6677604413596089,17,1.3513513513513513,23,0.0,0.10810810810810811,0.3783783783783784,0.05405405405405406,11,0.2972972972972973,3,0.7567567567567568,0.0031959125336792934,0.04,0.021597956266839646,potassium,2021,0.8882869777321447,0,0 0 0 2 1 1 0 4 5 8 12 6,термины
adsorption-based,2026,54,46.5,5.346681187157311,11.0,2.710043593896925,0.5995896641201686,0.13879529174406402,0.4838709677419355,6,0,7,0.24968959281225572,8,1.2592592592592593,27,0.09259259259259259,0.0,0.6111111111111112,0.2222222222222222,18,0.3333333333333333,2,0.5925925925925926,0.003166511564503506,0.04,0.021583255782251752,swing adsorption,2021,1.0444030513005438,0,0 0 0 0 0 4 2 4 5 10 14 22,термины
kinetic modeling,2026,27,17.0,2.003584699997542,4.0,0.9317079074739153,0.5588555123439168,-0.6035350218702578,0.35294117647058826,10,2,9,0.7067229406368372,14,2.2962962962962963,17,0.2962962962962963,0.07407407407407407,0.4444444444444444,0.037037037037037035,12,0.4444444444444444,4,0.7037037037037037,0.04303986315980704,0.0,0.02151993157990352,methane decomposition,2021,1.3616573851336096,0,0 2 0 2 3 1 1 0 3 4 7 6,термины
intermolecular interactions,2026,16,13.5,1.7082329469565323,2.0,0.5334601973982481,0.7592800372260938,-1.4508328822574614,0.1111111111111111,8,3,6,0.6090695311147832,7,1.1875,7,0.125,0.0,0.375,0.125,4,0.25,3,0.875,0.003021230090991123,0.04,0.021510615045495562,boron,2021,0.29633074818068783,0,0 0 0 1 0 0 1 0 1 5 7 2,термины
grain boundary,2026,13,12.0,1.322096457947245,1.0,0.26143790849673204,0.8725343865186618,-0.9444616088408514,0.5,6,2,5,0.20895580185625812,3,1.8461538461538463,8,0.6153846153846154,0.07692307692307693,0.38461538461538464,0.15384615384615385,4,0.3076923076923077,2,0.7692307692307693,0.0024118209930906183,0.04,0.02120591049654531,geothermal,2021,1.1490221983344777,0,0 0 0 0 0 2 0 1 0 1 5 6,термины
heat-affected zone,2026,24,24.5,2.7804374398739515,2.0,0.46056176353456557,1.2282137746360067,0.5740878205439572,0.5510204081632653,6,1,6,0.20514153383811407,3,1.8333333333333333,13,0.625,0.041666666666666664,0.625,0.0,7,0.2916666666666667,2,0.6666666666666666,0.002074705240275612,0.04,0.021037352620137808,carbon storage,2021,1.7068248215248856,0,0 0 0 0 0 2 0 1 1 5 6 14,термины
sandstones,2026,27,10.5,1.2080806009416947,10.0,2.5003353584543073,-0.5633537840720919,-0.4155154439616655,0.42857142857142855,9,1,9,0.22023706745819732,5,1.5185185185185186,17,0.18518518518518517,0.0,0.5555555555555556,0.1111111111111111,12,0.4444444444444444,2,0.8888888888888888,0.0019714216288391484,0.04,0.020985710814419575,capture plant,2021,0.33365765996583097,0,0 0 1 0 6 1 1 6 3 2 4 4,термины
calcium looping,2026,33,17.0,2.0380469424723184,9.0,2.2600662107671434,-0.08385980387657554,-0.15415067982725827,0.35294117647058826,11,2,10,0.28057564177523475,5,1.303030303030303,17,0.12121212121212122,0.0,0.6363636363636364,0.09090909090909091,17,0.5151515151515151,3,0.8484848484848485,0.0018999456824462587,0.04,0.02094997284122313,capture plant,2021,0.33365765996583097,0,2 0 4 0 2 1 3 1 5 5 6 6,термины
co2 plume migration,2026,15,10.5,1.1736183584669184,3.0,0.8677965397586626,0.20178688438292863,-1.1856236656577392,0.42857142857142855,9,2,8,0.1791303909745736,3,1.6,11,0.26666666666666666,0.06666666666666667,0.4,0.2,6,0.4,1,0.8666666666666667,0.001881716587900439,0.04,0.02094085829395022,temperature swing,2021,1.0555709624346927,0,0 0 1 0 1 1 2 0 1 1 5 4,термины
interfacial tension,2026,17,12.0,1.5787746226108306,2.0,0.5228758169934641,0.7091605077790826,1.2685113254635068,0.25,11,4,8,0.3077006129089742,5,1.411764705882353,11,0.29411764705882354,0.0,0.47058823529411764,0.11764705882352941,6,0.35294117647058826,4,0.8823529411764706,0.0014095063755973662,0.04,0.020704753187798682,light irradiation,2021,0.7492363493474354,0,1 1 0 1 1 0 0 2 0 7 2 3,термины
deepwater,2026,24,12.0,1.4064634102369489,5.0,1.182561435565863,0.12493261169618049,-1.673976433571671,0.25,11,2,10,0.6150047758484312,10,1.0416666666666667,12,0.08333333333333333,0.16666666666666666,0.125,0.0,6,0.25,3,0.625,0.04132171297011265,0.0,0.020660856485056327,pipeline inspection,2021,0.5311575719828165,0,2 1 1 0 3 1 0 3 2 2 7 3,термины
netl,2026,28,11.0,1.5475212719753408,14.0,3.35914483206454,-0.633815686900243,-0.5753641449035616,0.0,8,2,7,0.7900192000089313,17,0.5,7,0.03571428571428571,0.0,0.39285714285714285,0.0,8,0.2857142857142857,2,0.32142857142857145,0.0012819828098544076,0.04,0.020640991404927204,titanium,2021,0.5625795096414341,0,0 0 0 1 0 2 1 7 6 8 3 0,термины
spark,2026,36,14.0,1.8100152284612179,12.0,2.836269015071076,-0.367599004335159,0.24686007793152576,0.21428571428571427,11,1,11,0.5695556838826662,13,1.5277777777777777,24,0.19444444444444445,0.05555555555555555,0.1388888888888889,0.0,14,0.3888888888888889,4,0.8333333333333334,0.04120652296348735,0.0,0.020603261481743674,alloy,2021,1.0835799965597792,0,2 2 1 2 0 4 1 5 6 7 4 3,термины
saline aquifer co2,2026,18,12.0,1.4753878951865016,3.0,0.659685618572399,0.5326158317806305,-0.5877866649021188,0.25,11,5,7,0.14733345220219934,3,2.0,14,0.3333333333333333,0.1111111111111111,0.3333333333333333,0.16666666666666666,7,0.3888888888888889,1,0.8333333333333334,0.0011513146784836892,0.04,0.020575657339241844,green hydrogen,2021,3.13777952785126,1,2 0 0 0 2 0 0 1 2 4 5 3,термины
solid amine sorbents,2026,16,12.0,1.4753878951865016,4.0,0.9940219609328137,0.2792929956725469,-0.5877866649021188,0.25,6,0,7,0.21709818225259064,3,1.4375,10,0.0625,0.0,0.4375,0.125,6,0.375,1,0.9375,0.0010353082411985737,0.04,0.020517654120599287,synthesis ammonia,2020,0.8430214213669044,0,0 0 0 0 0 1 1 1 2 4 5 3,термины
oxidative degradation,2026,36,25.0,2.9820291410084927,10.0,2.115866657296132,0.2860197500399614,-0.22314355131421015,0.36,10,3,8,0.2660223537548502,8,0.8888888888888888,11,0.05555555555555555,0.0,0.7777777777777778,0.1388888888888889,9,0.25,1,0.6944444444444444,0.0008096931847811927,0.04,0.020404846592390596,light irradiation,2021,0.7492363493474354,0,0 1 0 0 2 1 0 2 8 7 9 9,термины
sleipner,2026,19,10.5,1.326909795706175,3.0,0.8572121593538786,0.29719319023947527,-1.0577902941478545,0.14285714285714285,11,3,9,0.1390616757868779,3,1.6842105263157894,13,0.21052631578947367,0.0,0.3157894736842105,0.0,5,0.2631578947368421,1,0.7894736842105263,0.0006805804447489402,0.04,0.02034029022237447,pipeline inspection,2021,0.5311575719828165,0,1 1 2 0 0 2 1 2 0 4 5 2,термины
hydrogen-methane,2026,14,13.5,1.5739612848519002,2.0,0.398247710075667,0.8367698450434469,1.5522794985941515,0.5555555555555556,6,2,5,0.6339833333166621,7,1.5714285714285714,8,0.7142857142857143,0.0,0.42857142857142855,0.14285714285714285,8,0.5714285714285714,2,0.8571428571428571,0.04025509178092167,0.0,0.020127545890460834,geothermal,2021,1.1490221983344777,0,0 0 0 0 0 1 0 0 2 4 2 8,термины
glycerol,2026,33,11.5,1.4425300986313685,4.0,1.1292344482553947,0.17588105708538815,-1.366091653802371,0.13043478260869565,11,0,12,0.7241693730046393,17,2.0606060606060606,23,0.15151515151515152,0.0,0.2727272727272727,0.06060606060606061,11,0.3333333333333333,3,0.9090909090909091,0.03993453017201544,0.0,0.01996726508600772,glycerol,2021,0.2775937353101465,0,1 3 2 2 4 6 2 1 1 4 6 2,термины
single-blind,2026,13,10.5,1.242542843416471,2.0,0.5334601973982481,0.5224328637139145,0.3184537311185347,0.42857142857142855,6,1,6,0.3653701194292505,4,2.0,12,0.07692307692307693,0.07692307692307693,0.7692307692307693,0.6923076923076923,7,0.5384615384615384,1,0.6153846153846154,0.03770518180492139,0.0,0.018852590902460695,attribution,2020,0.48353593030997977,0,0 0 0 0 0 2 1 0 1 3 3 4,термины
stray current interference,2026,26,12.0,1.2721917481323173,8.0,2.3313673303744715,-0.46854269424685113,0.7985076962177716,0.75,11,2,10,0.6276144219126135,10,1.4615384615384615,7,0.9230769230769231,0.07692307692307693,0.6923076923076923,0.0,12,0.46153846153846156,2,0.8076923076923077,0.037671892326735304,0.0,0.018835946163367652,co-based,2021,0.5837986174567401,0,5 2 1 0 1 0 5 1 2 1 2 9,термины
solar-powered,2026,12,12.5,1.3894164969771543,1.0,0.26143790849673204,0.9088146980326514,0.4660897299245994,0.6,6,2,5,0.8605285271744351,9,3.5,14,0.08333333333333333,0.08333333333333333,0.5,0.08333333333333333,3,0.25,4,0.9166666666666666,0.036876969912388445,0.0,0.018438484956194223,co-based,2021,0.5837986174567401,0,0 0 0 0 0 1 0 1 0 2 3 8,термины
dielectric,2026,42,20.0,2.419370093722676,7.0,1.518495092182632,0.36901564179131163,-0.5026288565618124,0.3,11,1,11,0.7488898117875655,22,1.4047619047619047,17,0.16666666666666666,0.023809523809523808,0.3333333333333333,0.07142857142857142,13,0.30952380952380953,4,0.8571428571428571,0.03686439085547474,0.0,0.01843219542773737,composites,2021,1.143698433773268,0,4 1 2 3 6 1 0 2 5 6 8 6,термины
boron,2026,25,11.0,1.2409383974968275,6.0,1.7250086991125413,-0.24533654856618445,0.27193371548364187,0.5454545454545454,11,2,10,0.7909955733778442,15,1.88,13,0.32,0.0,0.32,0.2,10,0.4,3,0.76,0.03676821447541295,0.0,0.018384107237706476,geothermal,2021,1.1490221983344777,0,1 0 0 2 3 4 3 2 1 2 3 6,термины
drainage,2026,29,15.0,1.8567110464368588,3.0,0.8677965397586626,0.5440659427560893,-0.9808292530117257,0.2,11,2,10,0.7611361557748116,17,1.5862068965517242,9,0.41379310344827586,0.06896551724137931,0.4827586206896552,0.034482758620689655,9,0.3103448275862069,4,0.8620689655172413,0.034779251556532415,0.0,0.017389625778266207,pipeline inspection,2021,0.5311575719828165,0,2 2 1 4 0 3 2 0 1 5 7 3,термины
full-scale,2026,46,46.0,5.045280066392915,5.0,1.1308317625117486,1.223856959024882,2.140066163496271,0.717391304347826,11,2,10,0.7533450690851465,22,1.434782608695652,17,0.2608695652173913,0.15217391304347827,0.43478260869565216,0.13043478260869565,12,0.2608695652173913,4,0.717391304347826,0.03443296125913967,0.0,0.017216480629569837,decarbonisation,2021,1.9777225274159005,0,1 2 0 1 1 1 1 0 4 8 5 33,термины
dispatch,2026,21,16.5,1.8364552413377775,4.0,0.9940219609328137,0.4471631406667225,1.0560526742493137,0.6363636363636364,10,2,9,0.5142098502783184,8,2.238095238095238,15,0.42857142857142855,0.0,0.5714285714285714,0.09523809523809523,7,0.3333333333333333,4,0.9047619047619048,0.033966382540792525,0.0,0.016983191270396263,geothermal,2021,1.1490221983344777,0,0 2 1 0 0 1 1 1 2 3 3 10,термины
zno,2026,36,23.0,2.6474018077337766,11.0,3.0533670024057695,-0.12131831583113979,-0.8837675401685952,0.391304347826087,9,0,10,0.6559207553545962,13,2.111111111111111,25,0.2777777777777778,0.0,0.3055555555555556,0.0,19,0.5277777777777778,4,0.9444444444444444,0.024069764923145373,0.0,0.012034882461572687,refrigeration,2021,0.34145545279661793,0,0 0 1 1 2 1 5 3 3 4 10 9,термины
manganese,2026,42,27.0,3.1289027945691763,7.0,1.788920066827794,0.46085022234143613,-0.09431067947124183,0.4444444444444444,11,1,11,0.7172383676521698,22,1.8095238095238095,22,0.2857142857142857,0.07142857142857142,0.35714285714285715,0.14285714285714285,11,0.2619047619047619,4,0.8333333333333334,0.023502071704966765,0.0,0.011751035852483382,co2 separation,2021,0.4320322786529218,0,1 1 1 0 5 4 2 2 3 6 9 12,термины
solar thermal,2026,30,24.5,2.7958799072141027,3.0,0.7948981058949801,0.9342411661160941,-0.7440055977934368,0.42857142857142855,10,2,9,0.6729839087201156,15,1.7333333333333334,15,0.13333333333333333,0.0,0.4,0.13333333333333333,10,0.3333333333333333,4,0.8,0.02318348963068554,0.0,0.01159174481534277,geothermal,2021,1.1490221983344777,0,0 2 0 3 0 1 1 1 1 4 10 10,термины
oxyfuel,2026,29,14.5,1.6860042799826207,9.0,2.0519552895808797,-0.15478449791388416,-3.520460802488973,0.10344827586206896,11,1,11,0.6447101572953521,14,1.4137931034482758,19,0.034482758620689655,0.0,0.2413793103448276,0.06896551724137931,9,0.3103448275862069,3,0.896551724137931,0.023066419096685595,0.0,0.011533209548342797,onboard,2021,0.8507653777603326,0,1 1 2 1 1 0 1 2 6 1 12 2,термины
modulation,2026,42,36.5,4.102533897821197,8.0,2.112672028783424,0.5662335357255973,-0.0034782643763249244,0.5342465753424658,10,2,9,0.7310432399094212,21,2.238095238095238,17,0.5952380952380952,0.023809523809523808,0.42857142857142855,0.09523809523809523,13,0.30952380952380953,4,0.7380952380952381,0.021476081087142468,0.0,0.010738040543571234,geothermal,2021,1.1490221983344777,0,0 1 0 1 0 2 2 4 2 6 11 20,термины
pig,2026,31,11.0,1.340747817126683,10.0,2.510919738859091,-0.4920736817640998,-3.506557897319982,0.0,11,1,11,0.660726088771157,17,0.9354838709677419,11,0.16129032258064516,0.03225806451612903,0.1935483870967742,0.03225806451612903,8,0.25806451612903225,3,0.8387096774193549,0.019672086263168066,0.0,0.009836043131584033,onboard,2021,0.8507653777603326,0,2 1 1 1 3 2 2 4 4 2 9 0,термины
thermo-economic,2026,20,10.0,1.2441472893361143,6.0,1.5897962117899602,-0.18080077808684128,0.2231435513142097,0.3,11,2,10,0.6255776673507595,7,1.75,16,0.2,0.1,0.45,0.15,17,0.85,3,0.8,0.019233624854185238,0.0,0.009616812427092619,methane decomposition,2021,1.3616573851336096,0,1 2 0 1 0 1 2 2 2 4 3 3,термины
platinum,2026,36,19.5,2.164296374978733,11.0,3.0321982415962014,-0.2819804100998725,-2.1365999555197845,0.38461538461538464,11,2,10,0.6410180896966917,17,2.0277777777777777,17,0.3888888888888889,0.0,0.3611111111111111,0.08333333333333333,11,0.3055555555555556,3,0.8055555555555556,0.019171491384212706,0.0,0.009585745692106353,rankine,2021,1.257693128133767,0,1 0 1 0 2 4 3 7 1 1 11 8,термины
moisture-driven,2026,17,16.0,1.7845776696480196,2.0,0.398247710075667,0.9334905822851157,-1.966112856372833,0.375,6,2,5,0.557400005871215,7,1.2941176470588236,8,0.058823529411764705,0.0,0.7058823529411765,0.23529411764705882,10,0.5882352941176471,1,0.8235294117647058,0.01893510082217538,0.0,0.00946755041108769,amino acids,2020,0.5104790537201802,0,0 0 0 0 0 1 0 0 2 1 9 6,термины
influencing factors,2026,34,26.0,3.1321116864084626,9.0,2.187167776903461,0.30132644301330513,-0.10536051565782634,0.34615384615384615,6,0,7,0.785981671346306,20,2.088235294117647,8,0.7352941176470589,0.17647058823529413,0.47058823529411764,0.029411764705882353,11,0.3235294117647059,4,0.8235294117647058,0.018633646567475383,0.0,0.009316823283737691,artificial neural network,2021,0.6390008206881713,0,0 0 0 0 0 2 2 2 5 8 9 9,термины
volatiles,2026,17,12.0,1.5098501376612778,3.0,0.7948981058949801,0.4396281515646212,-0.040821994520255034,0.25,6,0,7,0.6020617257562677,8,1.3529411764705883,11,0.23529411764705882,0.0,0.29411764705882354,0.0,5,0.29411764705882354,2,0.8823529411764706,0.018350043650660765,0.0,0.009175021825330382,anaerobic digestion,2021,0.35365778967617256,0,0 0 0 0 0 3 1 1 1 5 4 3,термины
nanocomposite,2026,29,17.0,2.1069714274218714,9.0,2.4681771319534067,-0.12975882915588915,0.8064758658669484,0.35294117647058826,9,2,8,0.7675003503476474,15,1.6206896551724137,16,0.1724137931034483,0.034482758620689655,0.3103448275862069,0.10344827586206896,12,0.41379310344827586,4,0.9655172413793104,0.01723769119062442,0.0,0.00861884559531221,boron,2021,0.29633074818068783,0,0 0 1 0 1 3 5 0 4 7 4 6,термины
self,2026,23,14.5,1.6705618126424693,5.0,1.1931458159706472,0.24839780568853065,-1.591088773765904,0.3103448275862069,11,2,10,0.7150044613510422,13,2.4347826086956523,14,0.6521739130434783,0.17391304347826086,0.7391304347826086,0.0,6,0.2608695652173913,4,0.8260869565217391,0.016941458246911376,0.0,0.008470729123455688,scale-up,2021,1.7593692290180638,0,2 0 1 1 0 1 1 1 3 2 8 4,термины
gas-to-liquid gtl,2026,42,13.5,1.7082329469565323,12.0,3.0549643166621236,-0.4761524015087066,-1.4508328822574614,0.1111111111111111,11,1,11,0.6257687829296269,18,1.2619047619047619,17,0.0,0.11904761904761904,0.3333333333333333,0.047619047619047616,11,0.2619047619047619,2,0.7142857142857143,0.01614469303193675,0.0,0.008072346515968375,potassium,2021,0.8882869777321447,0,1 8 2 2 0 4 4 2 6 5 7 2,термины
ammonia-hydrogen,2026,30,23.5,2.664817136948758,6.0,1.3299556175495824,0.5478035634374601,0.8823891801984738,0.574468085106383,9,2,8,0.6056032139584179,10,1.9666666666666666,19,0.4,0.03333333333333333,0.4,0.13333333333333333,19,0.6333333333333333,2,0.7,0.01597754599077755,0.0,0.007988772995388775,geothermal,2021,1.1490221983344777,0,0 0 1 0 1 3 1 0 5 5 5 14,термины
epoxy,2026,36,18.5,2.220987284427421,10.0,2.438021304995409,-0.076741542590094,0.5024573740954741,0.40540540540540543,11,0,12,0.6054857772773615,14,1.6666666666666667,12,0.2777777777777778,0.027777777777777776,0.3611111111111111,0.027777777777777776,11,0.3055555555555556,3,0.8611111111111112,0.01578879042983417,0.0,0.007894395214917084,precipitation,2021,0.8391548747497416,0,2 1 1 1 4 1 1 5 4 6 5 8,термины
greener,2026,33,22.5,2.8712221758422287,8.0,2.112672028783424,0.25490187861126695,-0.2918057896356432,0.2,9,0,10,0.7147511983821213,16,1.8484848484848484,27,0.21212121212121213,0.030303030303030304,0.2727272727272727,0.030303030303030304,12,0.36363636363636365,3,0.9696969696969697,0.015613515961399394,0.0,0.007806757980699697,plasma,2021,1.1351489203458949,0,0 0 1 1 1 1 2 4 2 10 8 4,термины
moisture-swing,2026,25,23.0,2.5974970979188488,3.0,0.5973715651135006,1.037676563444233,0.015504186535965525,0.5217391304347826,9,3,7,0.137720967066581,3,1.24,12,0.32,0.0,0.48,0.16,17,0.68,1,0.6,0.015519389726181948,0.0,0.007759694863090974,geothermal,2021,1.1490221983344777,0,0 0 1 1 0 1 0 0 3 4 7 12,термины
nanoscale,2026,40,18.0,2.153667245397512,10.0,2.5215041192638754,-0.12981221061051307,-0.4212134650763031,0.3333333333333333,11,2,10,0.781426373189445,23,2.1,25,0.3,0.0,0.625,0.025,10,0.25,4,0.875,0.015345944795387404,0.0,0.007672972397693702,alkali,2021,1.2559863504079538,0,4 0 0 2 3 5 3 2 5 5 7 6,термины
titanium,2026,41,21.5,2.533385950728226,9.0,2.3741099372801564,0.053936431813802144,-0.6733445532637661,0.3488372093023256,11,2,10,0.7887350921330621,23,1.5609756097560976,20,0.0975609756097561,0.024390243902439025,0.14634146341463414,0.0975609756097561,12,0.2926829268292683,4,0.975609756097561,0.015234285518710344,0.0,0.007617142759355172,boron,2021,0.29633074818068783,0,2 0 0 3 6 2 2 5 2 5 9 8,термины
molybdenum,2026,35,15.5,1.9584933279415446,8.0,1.7799330006793639,0.07540263712485261,0.5653138090500605,0.2903225806451613,11,1,11,0.6184178833699339,15,1.5714285714285714,19,0.08571428571428572,0.05714285714285714,0.22857142857142856,0.02857142857142857,11,0.3142857142857143,3,0.9142857142857143,0.01502266107965279,0.0,0.007511330539826395,alloy,2021,1.0835799965597792,0,1 3 3 1 3 2 0 3 5 7 4 4,термины
thermophysical,2026,15,10.5,1.2924475532313986,3.0,0.8677965397586626,0.27038095416476754,-1.5892352051165808,0.14285714285714285,8,2,7,0.801894623694071,11,2.0,16,0.2,0.06666666666666667,0.4666666666666667,0.13333333333333333,5,0.3333333333333333,3,0.8,0.014998001623372233,0.0,0.007499000811686116,boron,2021,0.29633074818068783,0,0 0 0 1 1 0 2 0 1 3 6 2,термины
biomass-based,2026,31,19.5,2.302145344877839,10.0,2.719030660045355,-0.13869495857936098,-0.22705745063534577,0.38461538461538464,9,2,8,0.6882779249208109,13,1.5483870967741935,17,0.1935483870967742,0.0,0.3225806451612903,0.16129032258064516,8,0.25806451612903225,3,0.8387096774193549,0.014088958357615903,0.0,0.007044479178807951,boron,2021,0.29633074818068783,0,0 0 1 0 0 3 4 3 3 5 7 8,термины
overhead,2026,24,13.0,1.5066412458219913,10.0,2.719030660045355,-0.47261797460515514,0.11332868530700324,0.46153846153846156,6,0,7,0.9386137518291134,21,0.8333333333333334,10,0.125,0.0,0.125,0.0,9,0.375,4,0.75,0.013721243347150526,0.0,0.006860621673575263,small scale,2020,0.23145117715627078,0,0 0 0 0 0 3 4 3 3 3 4 6,термины
iran,2026,32,19.5,2.4055320723021674,7.0,1.9241325541503749,0.1811427801842081,1.1184149159642898,0.38461538461538464,11,2,10,0.7552421283829363,18,1.5,14,0.125,0.0625,0.34375,0.15625,9,0.28125,4,0.6875,0.013649679975881653,0.0,0.0068248399879408264,geothermal,2021,1.1490221983344777,0,3 1 0 0 3 1 3 2 2 8 4 8,термины
methane-rich,2026,25,14.0,1.6567237912219612,9.0,2.571636478061636,-0.3536201673961456,0.33647223662121295,0.42857142857142855,9,2,8,0.6661835688409335,12,1.8,20,0.32,0.0,0.32,0.2,9,0.36,3,0.8,0.013620984570759213,0.0,0.006810492285379607,geothermal,2021,1.1490221983344777,0,0 0 2 0 1 1 3 6 0 4 4 6,термины
co2-free,2026,43,27.5,3.3304944957037175,13.0,3.0459772505136935,0.07718011391156007,-0.7926079740905831,0.2727272727272727,11,2,10,0.5757214911529184,15,1.813953488372093,24,0.06976744186046512,0.046511627906976744,0.46511627906976744,0.06976744186046512,22,0.5116279069767442,3,0.6046511627906976,0.013139053721943288,0.0,0.006569526860971644,methane decomposition,2021,1.3616573851336096,0,1 1 0 0 1 2 2 3 8 8 12 8,термины
hydrogen-enriched,2026,30,27.5,3.3304944957037175,5.0,1.1202473821069647,0.8604150634178535,-0.7926079740905831,0.2727272727272727,4,0,5,0.7614279022904763,16,1.6,12,0.5333333333333333,0.03333333333333333,0.5,0.06666666666666667,16,0.5333333333333333,3,0.8333333333333334,0.013123612002350186,0.0,0.006561806001175093,methane methanol,2018,0.48433287133925157,0,0 0 0 0 0 0 0 2 3 8 12 8,термины
hydrogen-rich syngas,2026,19,20.0,2.250636189143268,2.0,0.5334601973982481,0.9789196394669132,0.9555114450274365,0.6,6,1,6,0.6126764499938444,9,2.6842105263157894,20,0.2631578947368421,0.0,0.15789473684210525,0.05263157894736842,11,0.5789473684210527,2,0.8947368421052632,0.012642343637394688,0.0,0.006321171818697344,roles,2021,0.9318651389099509,0,0 0 0 0 0 1 1 0 1 4 4 12,термины
co-adsorption,2026,27,20.5,2.367860937988105,7.0,2.205141909200321,0.05841206137602208,0.6505875661411493,0.5121951219512195,10,3,8,0.2659508859316941,6,1.4444444444444444,18,0.18518518518518517,0.037037037037037035,0.6296296296296297,0.2962962962962963,11,0.4074074074074074,2,0.6666666666666666,0.012364259751542157,0.0,0.006182129875771079,optimisation,2021,1.7142037084557202,0,0 1 0 0 1 1 6 0 1 5 5 10,термины
imagery,2026,39,26.5,3.080602530673892,12.0,3.3877033447661837,-0.08228749256424359,0.861769892995738,0.5094339622641509,9,2,8,0.5612561942245518,18,1.4102564102564104,14,0.05128205128205128,0.05128205128205128,0.3333333333333333,0.28205128205128205,14,0.358974358974359,4,0.5641025641025641,0.012344635615485922,0.0,0.006172317807742961,geothermal,2021,1.1490221983344777,0,0 0 2 0 0 3 6 3 3 7 6 14,термины
cement industry,2026,27,14.5,1.842873025016351,7.0,1.9970309880140575,-0.06372445659611602,1.0116009116784799,0.3103448275862069,11,2,10,0.6173962876099945,10,1.7407407407407407,20,0.07407407407407407,0.037037037037037035,0.25925925925925924,0.1111111111111111,9,0.3333333333333333,3,0.7777777777777778,0.012164336994052588,0.0,0.006082168497026294,pipeline inspection,2021,0.5311575719828165,0,1 1 3 0 2 0 4 1 2 7 3 4,термины
dual function,2026,21,10.5,1.326909795706175,7.0,1.8512341202866924,-0.2523144446039319,-1.0577902941478545,0.14285714285714285,11,2,10,0.32724799069787197,4,1.2380952380952381,8,0.09523809523809523,0.0,0.5238095238095238,0.09523809523809523,18,0.8571428571428571,2,0.5714285714285714,0.011856529227103153,0.0,0.005928264613551577,ammonia borane,2021,0.6971598047232952,0,1 1 1 0 0 1 2 3 2 4 5 2,термины
sentinel-2,2026,24,10.0,1.2441472893361143,15.0,3.704065554829738,-0.8797862695197908,0.2231435513142097,0.3,5,0,6,0.16176462853798335,4,1.375,7,0.25,0.3333333333333333,0.5833333333333334,0.375,14,0.5833333333333334,2,0.5833333333333334,0.011315969486084146,0.0,0.005657984743042073,depleted gas,2020,1.5598443109479656,0,0 0 0 0 0 0 3 5 7 4 3 3,термины
colorado,2026,39,21.0,2.519547929307718,12.0,2.836269015071076,-0.09974599335502714,0.7985076962177717,0.42857142857142855,11,1,11,0.42707994268501936,14,1.2564102564102564,11,0.05128205128205128,0.02564102564102564,0.4358974358974359,0.28205128205128205,15,0.38461538461538464,2,0.6410256410256411,0.011109297412488022,0.0,0.005554648706244011,separations,2021,0.3181268549934139,0,3 0 1 1 1 3 1 5 6 7 5 9,термины
one-step,2026,37,24.5,2.9836335869281356,7.0,1.726606013368895,0.447597424227739,-0.26787944515560147,0.30612244897959184,10,2,9,0.80539652979555,23,1.8918918918918919,18,0.3783783783783784,0.0,0.32432432432432434,0.02702702702702703,13,0.35135135135135137,4,0.7567567567567568,0.01077456643224968,0.0,0.00538728321612484,alkali,2021,1.2559863504079538,0,0 3 0 0 2 3 2 1 4 8 9 8,термины
kalman,2026,15,11.5,1.4425300986313685,2.0,0.398247710075667,0.7713007002396802,-1.366091653802371,0.13043478260869565,7,2,6,0.7336391504114536,9,1.5333333333333334,7,0.5333333333333333,0.0,0.4666666666666667,0.2,5,0.3333333333333333,3,0.9333333333333333,0.010253835203773194,0.0,0.005126917601886597,boron,2021,0.29633074818068783,0,0 0 0 0 1 1 0 0 2 4 6 2,термины
glycinate,2026,17,12.0,1.425483185371574,2.0,0.398247710075667,0.7624863439401308,1.358123484153194,0.5,10,3,8,0.15662685098921494,3,1.411764705882353,10,0.23529411764705882,0.0,0.7058823529411765,0.058823529411764705,5,0.29411764705882354,1,0.8235294117647058,0.01017023167941275,0.0,0.005085115839706375,compositional,2020,0.6265738779421951,0,0 1 1 0 1 2 0 0 2 4 2 6,термины
co2-based,2026,14,11.0,1.2908431073117554,2.0,0.5228758169934641,0.5600684300460267,-1.4069136483226263,0.2727272727272727,7,2,6,0.5589406090203212,6,2.2142857142857144,14,0.14285714285714285,0.21428571428571427,0.5,0.14285714285714285,11,0.7857142857142857,3,0.8571428571428571,0.009873666503536575,0.0,0.0049368332517682875,hollow,2021,1.046597945733929,0,0 0 0 0 1 1 0 2 0 2 6 3,термины
partial oxidation methane,2026,37,11.0,1.3253053497865317,13.0,3.378716278617754,-0.7537569548735058,-0.8109302162163285,0.2727272727272727,11,0,12,0.5318343112028289,11,1.6486486486486487,25,0.08108108108108109,0.0,0.2702702702702703,0.10810810810810811,10,0.2702702702702703,3,0.7567567567567568,0.009739947519581942,0.0,0.004869973759790971,refrigeration,2021,0.34145545279661793,0,1 1 4 1 5 2 4 4 5 3 5 3,термины
methanesat,2026,20,21.0,2.331794249593685,2.0,0.398247710075667,1.1482199235216939,0.05942342047080085,0.5714285714285714,6,2,5,0.06626601619188212,2,1.6,9,0.15,0.0,0.95,0.5,8,0.4,1,0.35,0.00872756804391019,0.0,0.004363784021955095,solid sorbents,2021,1.9522528915440724,0,0 0 0 0 0 1 0 0 2 3 6 12,термины
anion exchange,2026,44,37.0,4.250643581346337,9.0,2.311795883821258,0.5244567159102221,-1.7323360487572543,0.32432432432432434,9,2,8,0.4880615708564539,11,1.8636363636363635,25,0.18181818181818182,0.0,0.38636363636363635,0.11363636363636363,17,0.38636363636363635,3,0.8181818181818182,0.008059067914550515,0.0,0.004029533957275257,energy storage,2021,1.0416030938623486,0,0 0 1 0 0 1 2 4 3 5 20 12,термины
fuzzy,2026,35,25.0,2.9820291410084927,4.0,1.2644469355779757,0.6797779200209261,-0.22314355131421015,0.36,11,2,10,0.8308617521547285,23,1.9142857142857144,27,0.37142857142857144,0.02857142857142857,0.2,0.02857142857142857,15,0.42857142857142855,4,0.9428571428571428,0.007937038904742294,0.0,0.003968519452371147,energy transition,2021,1.5512441791277476,0,1 0 1 2 1 4 3 1 0 7 9 9,термины
ccgt,2026,20,14.0,1.7601105186462902,5.0,1.3906723567521269,0.17848120402156822,2.6390573296152584,0.42857142857142855,10,2,9,0.5925512852639037,10,1.05,8,0.0,0.0,0.45,0.35,10,0.5,2,0.6,0.007935027501052357,0.0,0.003967513750526178,direct capture,2021,0.5511217682422717,0,0 1 1 0 0 1 2 2 1 7 1 6,термины
sulphide,2026,24,11.0,1.3253053497865317,2.0,0.5334601973982481,0.568834701027504,-0.8109302162163285,0.2727272727272727,11,1,11,0.8227014306618438,15,2.1666666666666665,16,0.16666666666666666,0.0,0.3333333333333333,0.041666666666666664,7,0.2916666666666667,4,0.8333333333333334,0.0075497508415242835,0.0,0.0037748754207621417,water splitting,2021,0.2920000762576828,0,1 1 2 1 4 3 1 0 1 3 5 3,термины
high-emission,2026,13,10.0,1.125318094571634,5.0,1.3071895424836601,-0.10606935243926263,0.8472978603872034,0.6,4,1,4,0.3094525249979822,4,1.8461538461538463,8,0.23076923076923078,0.07692307692307693,0.6153846153846154,0.38461538461538464,4,0.3076923076923077,3,0.7692307692307693,0.0072704633579653835,0.0,0.0036352316789826917,negative emission,2020,1.4799521285740251,0,0 0 0 0 0 0 0 5 0 2 2 6,термины
photocatalyst,2026,36,23.5,2.730164314103837,10.0,2.635547845776888,0.029729096918633017,-1.3803946389927024,0.3191489361702128,11,2,10,0.27981385943212506,6,2.0277777777777777,17,0.6388888888888888,0.0,0.5555555555555556,0.0,9,0.25,3,0.7222222222222222,0.006928742590938368,0.0,0.003464371295469184,product distribution,2021,0.746460977299167,0,1 0 0 1 1 2 2 6 2 4 12 8,термины
exsolution,2026,18,10.5,1.3958342806557276,4.0,1.056336014391712,0.19732464529997432,0.0896121586896872,0.14285714285714285,9,2,8,0.7115391171182226,11,1.8333333333333333,14,0.3888888888888889,0.0,0.5555555555555556,0.1111111111111111,7,0.3888888888888889,4,0.9444444444444444,0.0066463074594564344,0.0,0.0033231537297282172,alkali,2021,1.2559863504079538,0,0 0 2 0 2 0 1 2 1 6 3 2,термины
genetic algorithm,2026,44,28.5,3.3962100888139832,11.0,2.782942027760607,0.17126432850878648,-0.1562189328913175,0.3684210526315789,11,2,10,0.8106531851973389,26,1.5454545454545454,18,0.3409090909090909,0.09090909090909091,0.38636363636363635,0.09090909090909091,11,0.25,4,0.9090909090909091,0.006315042293811918,0.0,0.003157521146905959,pipeline inspection,2021,0.5311575719828165,0,3 0 0 1 2 2 3 3 5 8 10 10,термины
environmental trade-offs,2026,18,14.0,1.5877993062724087,6.0,1.4545837244673792,0.06593330561154745,-0.8472978603872034,0.42857142857142855,5,0,6,0.5932604036653844,9,2.4444444444444446,14,0.05555555555555555,0.0,0.3333333333333333,0.0,7,0.3888888888888889,3,0.7777777777777778,0.005500746411424752,0.0,0.002750373205712376,nanoparticles,2019,0.7360243424445537,0,0 0 0 0 0 0 1 2 3 2 6 6,термины
sorption-enhanced,2026,18,11.0,1.3253053497865317,4.0,1.056336014391712,0.15941293799499615,-0.8109302162163285,0.2727272727272727,10,3,8,0.5049037060235341,6,1.5,15,0.1111111111111111,0.0,0.3888888888888889,0.1111111111111111,12,0.6666666666666666,3,0.8333333333333334,0.005328223000092468,0.0,0.002664111500046234,hydrolysis ammonia,2021,0.39600164539399635,0,0 1 3 0 0 0 1 2 1 3 5 3,термины
lewatit,2026,37,32.5,3.92761578546431,5.0,1.2660442498343298,0.9191190833655231,-0.28965640675549853,0.3230769230769231,9,3,7,0.3016544992229296,10,0.8648648648648649,15,0.02702702702702703,0.0,0.7027027027027027,0.32432432432432434,15,0.40540540540540543,1,0.6216216216216216,0.003339082170642845,0.0,0.0016695410853214225,optimisation,2021,1.7142037084557202,0,0 0 1 0 2 0 2 0 3 10 12 10,термины
co2-brine,2026,18,11.0,1.3942298347360842,5.0,1.1931458159706472,0.11222410806890061,0.4054651081081644,0.2727272727272727,11,3,9,0.2632032565243577,4,1.3888888888888888,11,0.2777777777777778,0.1111111111111111,0.4444444444444444,0.3333333333333333,8,0.4444444444444444,1,0.7777777777777778,0.0030722014666288893,0.0,0.0015361007333144446,gas methane emissions,2021,0.577722931259298,0,1 1 0 1 0 0 1 1 3 5 3 3,термины
northeast,2026,23,11.5,1.3581631463416646,7.0,1.716021632964111,-0.1761250869649272,-0.12783337150988472,0.391304347826087,10,2,9,0.6885258326401019,12,2.391304347826087,15,0.13043478260869565,0.043478260869565216,0.30434782608695654,0.17391304347826086,7,0.30434782608695654,4,0.9130434782608695,0.002948464794294435,0.0,0.0014742323971472175,geothermal,2021,1.1490221983344777,0,0 3 0 0 2 1 1 3 3 3 4 4,термины
oxygenates,2026,32,15.0,1.7378818516723786,5.0,1.3906723567521269,0.16859730644858656,-0.5596157879354227,0.4,11,0,12,0.5851851322354712,12,2.6875,17,0.3125,0.03125,0.4375,0.0,9,0.28125,3,0.84375,0.002662208108787496,0.0,0.001331104054393748,sodium,2021,0.7575813079938426,0,1 1 3 2 2 5 2 2 1 3 6 6,термины
pipe steels,2026,19,11.0,1.5130590295005646,4.0,0.9317079074739153,0.3407873978660956,-1.1394342831883648,0.0,9,3,7,0.30485338335391726,4,0.7368421052631579,7,0.0,0.0,0.0,0.10526315789473684,5,0.2631578947368421,2,0.7368421052631579,0.0024978486328686616,0.0,0.0012489243164343308,leak detection gas,2021,0.14297004870691044,0,0 0 1 0 1 2 1 0 3 7 4 0,термины
denver-julesburg,2026,15,12.0,1.544312380136054,3.0,0.659685618572399,0.5669125386056227,0.5596157879354227,0.25,9,4,6,0.26592006343852487,4,1.0666666666666667,4,0.0,0.0,0.8,0.3333333333333333,4,0.26666666666666666,2,0.7333333333333333,0.0021388025699526753,0.0,0.0010694012849763377,direct capture,2021,0.5511217682422717,0,0 0 1 0 0 0 0 1 2 6 3 3,термины
hdpe,2026,17,11.0,1.3253053497865317,6.0,1.5168977779262776,-0.0998132894426972,-0.8109302162163285,0.2727272727272727,8,2,7,0.719230762858047,10,1.8823529411764706,14,0.11764705882352941,0.0,0.35294117647058826,0.17647058823529413,5,0.29411764705882354,4,0.9411764705882353,0.002059414011438316,0.0,0.001029707005719158,boron,2021,0.29633074818068783,0,0 0 0 1 0 0 1 3 2 3 5 3,термины
mxene,2026,13,11.5,1.3581631463416646,1.0,0.26143790849673204,0.8921350924270609,-0.12783337150988472,0.391304347826087,6,2,5,0.6360146706456211,7,2.8461538461538463,12,0.46153846153846156,0.0,0.3076923076923077,0.07692307692307693,6,0.46153846153846156,3,0.9230769230769231,0.0019100130091058009,0.0,0.0009550065045529004,methane decomposition,2021,1.3616573851336096,0,0 0 0 0 0 2 0 1 0 3 4 4,термины
mesoporous silica,2026,42,25.5,3.0838114225131785,7.0,1.5913935260463143,0.5385962745764966,0.8531118302526237,0.4117647058823529,11,0,12,0.2725325478527338,9,1.8333333333333333,21,0.19047619047619047,0.0,0.4523809523809524,0.0,13,0.30952380952380953,3,0.7380952380952381,0.0008557055468940554,0.0,0.0004278527734470277,synthesis ammonia,2021,0.6315559757893279,0,3 1 3 1 1 4 1 1 5 9 6 10,термины
petrophysical,2026,32,17.5,2.239638643606859,11.0,2.6371451600332425,-0.13548717185078418,-1.609437912434101,0.08571428571428572,11,2,10,0.23617854580207248,7,1.90625,25,0.125,0.0625,0.25,0.125,9,0.28125,1,0.90625,0.0005978944239755161,0.0,0.00029894721198775806,onboard,2021,0.8507653777603326,0,1 0 0 1 1 1 1 5 5 7 9 2,термины
horizontal wells,2026,12,10.5,1.326909795706175,1.0,0.1991238550378335,0.960553266823062,-1.0577902941478545,0.14285714285714285,7,3,5,0.22780965997572764,3,1.8333333333333333,9,0.5,0.08333333333333333,0.3333333333333333,0.16666666666666666,3,0.25,3,0.8333333333333334,0.00022205788605418839,0.0,0.00011102894302709419,leak detection gas,2021,0.14297004870691044,0,0 0 0 0 1 0 0 0 1 4 5 2,термины
